"minute","second","possession","under_pressure","out","possession_team.id","possession_team.name","play_pattern.id","play_pattern.name","team.id","team.name","player.id","player.name","position.id","position.name","clearance.left_foot","clearance.right_foot","clearance.head","clearance.aerial_won","clearance.body_part.id","clearance.body_part.name","match_id","location_x","location_y"
0,23,3,TRUE,NA,772,"Spain",4,"From Throw In",772,"Spain",22128,"Robin Aime Robert Le Normand",3,"Right Center Back",TRUE,NA,NA,NA,38,"Left Foot",3930160,"28.5","51"
5,12,7,TRUE,NA,772,"Spain",1,"Regular Play",785,"Croatia",8773,"Marin Pongracic",5,"Left Center Back",NA,TRUE,NA,NA,40,"Right Foot",3930160,"9.6","34.7"
17,20,29,TRUE,TRUE,785,"Croatia",3,"From Free Kick",772,"Spain",3477,"Álvaro Borja Morata Martín",23,"Center Forward",NA,NA,TRUE,NA,37,"Head",3930160,"8.8","23.1"
26,46,48,TRUE,NA,785,"Croatia",1,"Regular Play",772,"Spain",5721,"Daniel Carvajal Ramos",2,"Right Back",NA,NA,TRUE,TRUE,37,"Head",3930160,"63","54.1"
27,58,48,TRUE,NA,785,"Croatia",1,"Regular Play",772,"Spain",5202,"José Ignacio Fernández Iglesias",5,"Left Center Back",NA,NA,TRUE,TRUE,37,"Head",3930160,"39.4","42.3"
32,54,56,TRUE,NA,785,"Croatia",9,"From Kick Off",772,"Spain",5202,"José Ignacio Fernández Iglesias",5,"Left Center Back",NA,TRUE,NA,NA,40,"Right Foot",3930160,"12.7","41.4"
45,23,77,TRUE,NA,785,"Croatia",1,"Regular Play",772,"Spain",5202,"José Ignacio Fernández Iglesias",5,"Left Center Back",NA,NA,TRUE,TRUE,37,"Head",3930160,"11.8","34.7"
46,11,78,TRUE,NA,772,"Spain",7,"From Goal Kick",785,"Croatia",8773,"Marin Pongracic",5,"Left Center Back",NA,NA,TRUE,NA,37,"Head",3930160,"41.6","16"
46,23,78,TRUE,TRUE,772,"Spain",7,"From Goal Kick",785,"Croatia",8773,"Marin Pongracic",5,"Left Center Back",NA,TRUE,NA,NA,40,"Right Foot",3930160,"5.3","35.6"
61,34,114,TRUE,NA,772,"Spain",1,"Regular Play",785,"Croatia",37148,"Josip Šutalo",3,"Right Center Back",NA,TRUE,NA,NA,40,"Right Foot",3930160,"48.6","63.8"
62,50,117,TRUE,TRUE,785,"Croatia",1,"Regular Play",772,"Spain",5202,"José Ignacio Fernández Iglesias",5,"Left Center Back",NA,TRUE,NA,NA,40,"Right Foot",3930160,"9.1","32.5"
63,3,118,TRUE,NA,785,"Croatia",4,"From Throw In",772,"Spain",5721,"Daniel Carvajal Ramos",2,"Right Back",NA,NA,TRUE,NA,37,"Head",3930160,"2.7","46.1"
63,23,118,TRUE,NA,785,"Croatia",4,"From Throw In",772,"Spain",22128,"Robin Aime Robert Le Normand",3,"Right Center Back",NA,TRUE,NA,NA,40,"Right Foot",3930160,"9.3","48.8"
81,10,148,TRUE,NA,772,"Spain",3,"From Free Kick",785,"Croatia",49337,"Josip Stanišić",2,"Right Back",NA,NA,TRUE,TRUE,37,"Head",3930160,"44.1","77.8"
88,34,160,TRUE,NA,772,"Spain",2,"From Corner",785,"Croatia",5474,"Ivan Perišić",21,"Left Wing",NA,NA,TRUE,NA,37,"Head",3930160,"8.6","32.2"
92,27,163,TRUE,NA,772,"Spain",7,"From Goal Kick",785,"Croatia",49337,"Josip Stanišić",2,"Right Back",NA,NA,TRUE,TRUE,37,"Head",3930160,"45.9","73.2"
3,20,8,TRUE,NA,768,"England",1,"Regular Play",772,"Spain",4353,"Aymeric Laporte",5,"Left Center Back",NA,NA,TRUE,TRUE,37,"Head",3943043,"61.6","26.5"
4,12,9,TRUE,NA,772,"Spain",1,"Regular Play",768,"England",3244,"John Stones",3,"Right Center Back",NA,NA,TRUE,TRUE,37,"Head",3943043,"8.5","40.8"
4,18,9,TRUE,TRUE,772,"Spain",1,"Regular Play",768,"England",3244,"John Stones",3,"Right Center Back",NA,TRUE,NA,NA,40,"Right Foot",3943043,"8.6","44.8"
4,49,10,TRUE,NA,772,"Spain",2,"From Corner",768,"England",30714,"Jude Bellingham",21,"Left Wing",NA,NA,TRUE,TRUE,37,"Head",3943043,"3.8","45.7"
4,50,10,TRUE,NA,772,"Spain",2,"From Corner",768,"England",4354,"Phil Foden",19,"Center Attacking Midfield",TRUE,NA,NA,NA,38,"Left Foot",3943043,"15.2","52.7"
13,52,24,TRUE,NA,772,"Spain",1,"Regular Play",768,"England",34526,"Marc Guehi",5,"Left Center Back",TRUE,NA,NA,NA,38,"Left Foot",3943043,"12.4","42.4"
14,43,26,TRUE,TRUE,768,"England",4,"From Throw In",772,"Spain",4353,"Aymeric Laporte",5,"Left Center Back",TRUE,NA,NA,NA,38,"Left Foot",3943043,"4","35.1"
15,19,27,TRUE,NA,768,"England",2,"From Corner",772,"Spain",3477,"Álvaro Borja Morata Martín",23,"Center Forward",NA,TRUE,NA,NA,40,"Right Foot",3943043,"7.8","34.2"
16,29,27,TRUE,NA,768,"England",2,"From Corner",772,"Spain",17620,"Marc Cucurella Saseta",6,"Left Back",NA,TRUE,NA,NA,40,"Right Foot",3943043,"8.4","37.7"
18,5,29,TRUE,TRUE,772,"Spain",4,"From Throw In",768,"England",3382,"Luke Shaw",6,"Left Back",NA,TRUE,NA,NA,40,"Right Foot",3943043,"18.3","39.5"
23,15,39,TRUE,NA,772,"Spain",2,"From Corner",768,"England",3244,"John Stones",3,"Right Center Back",NA,NA,TRUE,NA,37,"Head",3943043,"8.5","40.8"
24,20,40,TRUE,NA,768,"England",3,"From Free Kick",772,"Spain",17620,"Marc Cucurella Saseta",6,"Left Back",NA,TRUE,NA,NA,40,"Right Foot",3943043,"14","38.7"
24,33,42,TRUE,NA,768,"England",1,"Regular Play",772,"Spain",17620,"Marc Cucurella Saseta",6,"Left Back",TRUE,NA,NA,NA,38,"Left Foot",3943043,"19.9","11.3"
27,17,44,TRUE,NA,772,"Spain",4,"From Throw In",768,"England",34526,"Marc Guehi",5,"Left Center Back",NA,TRUE,NA,NA,40,"Right Foot",3943043,"11.6","35.7"
28,30,46,TRUE,NA,768,"England",8,"From Keeper",772,"Spain",22128,"Robin Aime Robert Le Normand",3,"Right Center Back",NA,NA,TRUE,TRUE,37,"Head",3943043,"33.1","63.2"
34,7,57,TRUE,TRUE,772,"Spain",2,"From Corner",768,"England",34526,"Marc Guehi",5,"Left Center Back",TRUE,NA,NA,NA,38,"Left Foot",3943043,"8.3","45.8"
37,27,60,TRUE,NA,772,"Spain",1,"Regular Play",768,"England",3382,"Luke Shaw",6,"Left Back",NA,NA,TRUE,NA,37,"Head",3943043,"16.1","22"
37,36,60,TRUE,NA,772,"Spain",1,"Regular Play",768,"England",3382,"Luke Shaw",6,"Left Back",TRUE,NA,NA,NA,38,"Left Foot",3943043,"13.2","22.2"
39,35,63,TRUE,NA,768,"England",1,"Regular Play",772,"Spain",6765,"Rodrigo Hernández Cascante",9,"Right Defensive Midfield",TRUE,NA,NA,NA,38,"Left Foot",3943043,"21.9","49.1"
42,24,69,TRUE,NA,772,"Spain",1,"Regular Play",768,"England",3244,"John Stones",3,"Right Center Back",TRUE,NA,NA,NA,38,"Left Foot",3943043,"3.6","45.6"
43,0,70,TRUE,NA,772,"Spain",2,"From Corner",768,"England",3205,"Kyle Walker",2,"Right Back",NA,NA,TRUE,TRUE,37,"Head",3943043,"5.2","41.4"
45,41,75,TRUE,NA,768,"England",3,"From Free Kick",772,"Spain",22128,"Robin Aime Robert Le Normand",3,"Right Center Back",NA,NA,TRUE,TRUE,37,"Head",3943043,"9","42.7"
54,59,92,TRUE,NA,772,"Spain",4,"From Throw In",768,"England",3244,"John Stones",3,"Right Center Back",TRUE,NA,NA,NA,38,"Left Foot",3943043,"4.2","44.3"
59,37,98,TRUE,NA,768,"England",1,"Regular Play",772,"Spain",5721,"Daniel Carvajal Ramos",2,"Right Back",NA,TRUE,NA,NA,40,"Right Foot",3943043,"9.3","33.6"
62,43,100,TRUE,NA,768,"England",3,"From Free Kick",772,"Spain",4353,"Aymeric Laporte",5,"Left Center Back",NA,NA,TRUE,NA,37,"Head",3943043,"10.1","33.3"
62,46,100,TRUE,NA,768,"England",3,"From Free Kick",772,"Spain",316046,"Lamine Yamal Nasraoui Ebana",17,"Right Wing",NA,NA,TRUE,TRUE,37,"Head",3943043,"20.9","16"
68,10,109,TRUE,TRUE,772,"Spain",1,"Regular Play",768,"England",3244,"John Stones",3,"Right Center Back",NA,NA,TRUE,NA,37,"Head",3943043,"11.7","44.5"
68,45,110,TRUE,NA,772,"Spain",2,"From Corner",768,"England",3382,"Luke Shaw",6,"Left Back",NA,NA,TRUE,NA,37,"Head",3943043,"8.1","41.3"
69,2,110,TRUE,NA,772,"Spain",2,"From Corner",768,"England",34526,"Marc Guehi",5,"Left Center Back",NA,NA,TRUE,TRUE,37,"Head",3943043,"7.2","47.1"
69,4,110,TRUE,NA,772,"Spain",2,"From Corner",768,"England",99174,"Kobbie Mainoo",9,"Right Defensive Midfield",NA,NA,TRUE,NA,37,"Head",3943043,"14","52.3"
70,2,111,TRUE,NA,768,"England",7,"From Goal Kick",772,"Spain",4353,"Aymeric Laporte",5,"Left Center Back",TRUE,NA,NA,NA,38,"Left Foot",3943043,"16.4","23.9"
74,14,120,TRUE,TRUE,768,"England",1,"Regular Play",772,"Spain",4353,"Aymeric Laporte",5,"Left Center Back",NA,TRUE,NA,NA,40,"Right Foot",3943043,"8.1","34.5"
77,31,123,TRUE,NA,772,"Spain",7,"From Goal Kick",768,"England",3205,"Kyle Walker",2,"Right Back",NA,NA,TRUE,NA,37,"Head",3943043,"7.8","47.7"
77,40,123,TRUE,TRUE,772,"Spain",7,"From Goal Kick",768,"England",3244,"John Stones",3,"Right Center Back",NA,NA,TRUE,TRUE,37,"Head",3943043,"6.2","46.5"
78,18,124,TRUE,NA,772,"Spain",2,"From Corner",768,"England",30714,"Jude Bellingham",9,"Right Defensive Midfield",NA,NA,TRUE,NA,37,"Head",3943043,"8","44.8"
78,23,124,TRUE,TRUE,772,"Spain",2,"From Corner",768,"England",39461,"Cole Palmer",19,"Center Attacking Midfield",TRUE,NA,NA,NA,38,"Left Foot",3943043,"15.3","34.5"
81,15,129,TRUE,TRUE,772,"Spain",1,"Regular Play",768,"England",34526,"Marc Guehi",5,"Left Center Back",TRUE,NA,NA,NA,38,"Left Foot",3943043,"14.2","38.5"
84,35,134,TRUE,NA,772,"Spain",2,"From Corner",768,"England",3244,"John Stones",3,"Right Center Back",NA,NA,TRUE,NA,37,"Head",3943043,"4","40.2"
84,36,134,TRUE,NA,772,"Spain",2,"From Corner",768,"England",22084,"Bukayo Saka",17,"Right Wing",NA,TRUE,NA,NA,40,"Right Foot",3943043,"12.8","20.7"
87,59,137,TRUE,TRUE,768,"England",9,"From Kick Off",772,"Spain",5202,"José Ignacio Fernández Iglesias",3,"Right Center Back",NA,TRUE,NA,NA,40,"Right Foot",3943043,"10","40.8"
90,50,142,TRUE,NA,768,"England",7,"From Goal Kick",772,"Spain",4353,"Aymeric Laporte",5,"Left Center Back",NA,NA,TRUE,NA,37,"Head",3943043,"40","26"
92,43,146,TRUE,NA,768,"England",3,"From Free Kick",772,"Spain",4353,"Aymeric Laporte",5,"Left Center Back",NA,NA,TRUE,TRUE,37,"Head",3943043,"14.3","21.1"
3,44,11,TRUE,NA,771,"France",1,"Regular Play",771,"France",4445,"Jules Koundé",2,"Right Back",NA,NA,NA,NA,70,"Other",3942752,"38.7","75.9"
6,55,16,TRUE,NA,771,"France",4,"From Throw In",772,"Spain",17620,"Marc Cucurella Saseta",6,"Left Back",TRUE,NA,NA,NA,38,"Left Foot",3942752,"5.4","11.4"
10,52,20,TRUE,NA,772,"Spain",1,"Regular Play",771,"France",8519,"Dayotchanculle Upamecano",3,"Right Center Back",TRUE,NA,NA,NA,38,"Left Foot",3942752,"8.1","37.1"
10,57,20,TRUE,NA,772,"Spain",1,"Regular Play",771,"France",17592,"William Saliba",5,"Left Center Back",NA,TRUE,NA,NA,40,"Right Foot",3942752,"14.3","33.1"
11,48,20,TRUE,NA,772,"Spain",1,"Regular Play",771,"France",17592,"William Saliba",5,"Left Center Back",NA,TRUE,NA,NA,40,"Right Foot",3942752,"7.2","44.1"
18,20,28,TRUE,TRUE,771,"France",1,"Regular Play",772,"Spain",5202,"José Ignacio Fernández Iglesias",3,"Right Center Back",TRUE,NA,NA,NA,38,"Left Foot",3942752,"5.9","41.7"
20,11,33,TRUE,NA,772,"Spain",7,"From Goal Kick",771,"France",17592,"William Saliba",5,"Left Center Back",TRUE,NA,NA,NA,38,"Left Foot",3942752,"28.6","36.5"
22,41,36,TRUE,NA,772,"Spain",2,"From Corner",771,"France",8519,"Dayotchanculle Upamecano",3,"Right Center Back",NA,NA,TRUE,TRUE,37,"Head",3942752,"12.2","38.5"
24,20,41,TRUE,NA,772,"Spain",4,"From Throw In",771,"France",17592,"William Saliba",5,"Left Center Back",NA,NA,TRUE,NA,37,"Head",3942752,"7","38.5"
25,51,43,TRUE,NA,771,"France",9,"From Kick Off",772,"Spain",5202,"José Ignacio Fernández Iglesias",3,"Right Center Back",NA,TRUE,NA,NA,40,"Right Foot",3942752,"44.5","47.7"
26,55,45,TRUE,TRUE,771,"France",4,"From Throw In",772,"Spain",6821,"Jesús Navas González",2,"Right Back",NA,TRUE,NA,NA,40,"Right Foot",3942752,"9.8","46.7"
27,39,46,TRUE,NA,771,"France",4,"From Throw In",772,"Spain",6821,"Jesús Navas González",2,"Right Back",NA,TRUE,NA,NA,40,"Right Foot",3942752,"8.1","46.3"
36,27,54,TRUE,NA,772,"Spain",2,"From Corner",771,"France",22097,"Randal Kolo Muani",23,"Center Forward",NA,NA,TRUE,NA,37,"Head",3942752,"2.9","47"
38,6,56,TRUE,NA,771,"France",2,"From Corner",772,"Spain",4353,"Aymeric Laporte",5,"Left Center Back",NA,NA,TRUE,NA,37,"Head",3942752,"7.5","37.5"
38,16,56,TRUE,NA,771,"France",2,"From Corner",772,"Spain",6765,"Rodrigo Hernández Cascante",9,"Right Defensive Midfield",NA,NA,TRUE,NA,37,"Head",3942752,"9.5","30.3"
39,14,57,TRUE,TRUE,771,"France",3,"From Free Kick",772,"Spain",6821,"Jesús Navas González",2,"Right Back",NA,NA,TRUE,NA,37,"Head",3942752,"2.6","46.6"
41,34,61,TRUE,NA,771,"France",8,"From Keeper",772,"Spain",6821,"Jesús Navas González",2,"Right Back",NA,TRUE,NA,NA,40,"Right Foot",3942752,"11.1","45"
43,22,64,TRUE,NA,771,"France",3,"From Free Kick",772,"Spain",3477,"Álvaro Borja Morata Martín",23,"Center Forward",NA,NA,TRUE,TRUE,37,"Head",3942752,"8.2","36"
43,25,64,TRUE,NA,771,"France",3,"From Free Kick",772,"Spain",4353,"Aymeric Laporte",5,"Left Center Back",NA,NA,TRUE,TRUE,37,"Head",3942752,"12","24.9"
43,26,64,TRUE,NA,771,"France",3,"From Free Kick",772,"Spain",6655,"Fabián Ruiz Peña",11,"Left Defensive Midfield",NA,NA,TRUE,NA,37,"Head",3942752,"17.2","27"
44,2,64,TRUE,NA,771,"France",3,"From Free Kick",772,"Spain",4353,"Aymeric Laporte",5,"Left Center Back",NA,NA,TRUE,NA,37,"Head",3942752,"9.2","32.7"
46,6,73,TRUE,TRUE,771,"France",8,"From Keeper",772,"Spain",4353,"Aymeric Laporte",5,"Left Center Back",TRUE,NA,NA,NA,38,"Left Foot",3942752,"19.5","3.7"
48,45,78,TRUE,NA,772,"Spain",4,"From Throw In",771,"France",4445,"Jules Koundé",2,"Right Back",NA,NA,TRUE,NA,37,"Head",3942752,"6.3","44.9"
49,34,78,TRUE,TRUE,772,"Spain",4,"From Throw In",771,"France",17592,"William Saliba",5,"Left Center Back",NA,TRUE,NA,NA,40,"Right Foot",3942752,"5.3","42.3"
52,13,84,TRUE,TRUE,771,"France",1,"Regular Play",772,"Spain",4353,"Aymeric Laporte",5,"Left Center Back",TRUE,NA,NA,NA,38,"Left Foot",3942752,"8","33"
54,3,89,TRUE,NA,771,"France",3,"From Free Kick",772,"Spain",6765,"Rodrigo Hernández Cascante",9,"Right Defensive Midfield",NA,TRUE,NA,NA,40,"Right Foot",3942752,"13.7","31.6"
54,22,89,TRUE,NA,771,"France",3,"From Free Kick",772,"Spain",5202,"José Ignacio Fernández Iglesias",3,"Right Center Back",NA,NA,TRUE,NA,37,"Head",3942752,"8.4","43.3"
59,34,99,TRUE,NA,772,"Spain",3,"From Free Kick",772,"Spain",6765,"Rodrigo Hernández Cascante",9,"Right Defensive Midfield",NA,TRUE,NA,NA,40,"Right Foot",3942752,"2.5","32.8"
69,59,112,TRUE,NA,772,"Spain",4,"From Throw In",771,"France",6704,"Theo Bernard François Hernández",6,"Left Back",NA,NA,TRUE,TRUE,37,"Head",3942752,"53","5.8"
70,9,113,TRUE,NA,771,"France",1,"Regular Play",772,"Spain",41542,"Daniel Vivian Moreno",3,"Right Center Back",NA,TRUE,NA,NA,40,"Right Foot",3942752,"9.3","54"
70,13,114,TRUE,NA,772,"Spain",1,"Regular Play",772,"Spain",41542,"Daniel Vivian Moreno",3,"Right Center Back",NA,TRUE,NA,NA,40,"Right Foot",3942752,"15.9","31"
71,44,117,TRUE,TRUE,771,"France",4,"From Throw In",772,"Spain",316046,"Lamine Yamal Nasraoui Ebana",17,"Right Wing",TRUE,NA,NA,NA,38,"Left Foot",3942752,"6.4","57.3"
72,18,118,TRUE,NA,771,"France",4,"From Throw In",772,"Spain",6655,"Fabián Ruiz Peña",11,"Left Defensive Midfield",TRUE,NA,NA,NA,38,"Left Foot",3942752,"8.9","32"
72,53,119,TRUE,NA,771,"France",2,"From Corner",772,"Spain",5202,"José Ignacio Fernández Iglesias",2,"Right Back",NA,NA,TRUE,TRUE,37,"Head",3942752,"12.1","49.1"
74,39,120,TRUE,NA,772,"Spain",1,"Regular Play",771,"France",8519,"Dayotchanculle Upamecano",3,"Right Center Back",NA,NA,TRUE,NA,37,"Head",3942752,"40.5","24.8"
76,16,122,TRUE,NA,772,"Spain",7,"From Goal Kick",771,"France",8519,"Dayotchanculle Upamecano",3,"Right Center Back",NA,NA,TRUE,TRUE,37,"Head",3942752,"55.4","53.2"
79,50,129,TRUE,NA,771,"France",2,"From Corner",772,"Spain",6655,"Fabián Ruiz Peña",11,"Left Defensive Midfield",NA,TRUE,NA,NA,40,"Right Foot",3942752,"9.9","45"
89,15,143,TRUE,NA,772,"Spain",3,"From Free Kick",771,"France",10481,"Aurélien Djani Tchouaméni",9,"Right Defensive Midfield",NA,NA,TRUE,NA,37,"Head",3942752,"8.7","42.1"
90,2,144,TRUE,NA,772,"Spain",2,"From Corner",771,"France",3604,"Olivier Giroud",22,"Right Center Forward",NA,NA,TRUE,NA,37,"Head",3942752,"2.6","45.6"
95,16,152,TRUE,NA,772,"Spain",7,"From Goal Kick",771,"France",4445,"Jules Koundé",2,"Right Back",NA,NA,TRUE,TRUE,37,"Head",3942752,"46.1","75"
10,11,14,TRUE,NA,770,"Germany",3,"From Free Kick",772,"Spain",22128,"Robin Aime Robert Le Normand",3,"Right Center Back",TRUE,NA,NA,NA,38,"Left Foot",3942226,"32.3","59.8"
18,11,24,TRUE,TRUE,770,"Germany",7,"From Goal Kick",772,"Spain",4353,"Aymeric Laporte",5,"Left Center Back",TRUE,NA,NA,NA,38,"Left Foot",3942226,"1.2","26.1"
19,35,27,TRUE,NA,770,"Germany",1,"Regular Play",772,"Spain",22128,"Robin Aime Robert Le Normand",3,"Right Center Back",NA,NA,TRUE,NA,37,"Head",3942226,"15.2","39.7"
19,37,27,TRUE,NA,770,"Germany",1,"Regular Play",772,"Spain",6765,"Rodrigo Hernández Cascante",10,"Center Defensive Midfield",NA,NA,TRUE,NA,37,"Head",3942226,"29.1","36.8"
25,41,38,TRUE,TRUE,770,"Germany",3,"From Free Kick",772,"Spain",4353,"Aymeric Laporte",5,"Left Center Back",NA,NA,TRUE,NA,37,"Head",3942226,"11.4","27.9"
28,4,41,TRUE,NA,772,"Spain",3,"From Free Kick",770,"Germany",12034,"David Raum",6,"Left Back",NA,NA,TRUE,TRUE,37,"Head",3942226,"6.6","41.2"
28,5,41,TRUE,NA,772,"Spain",3,"From Free Kick",770,"Germany",5574,"Toni Kroos",11,"Left Defensive Midfield",NA,NA,TRUE,TRUE,37,"Head",3942226,"11.2","31.9"
32,40,47,TRUE,NA,770,"Germany",1,"Regular Play",770,"Germany",8221,"Jonathan Tah",5,"Left Center Back",NA,TRUE,NA,NA,40,"Right Foot",3942226,"31.8","30.5"
39,48,59,TRUE,NA,770,"Germany",3,"From Free Kick",772,"Spain",22128,"Robin Aime Robert Le Normand",3,"Right Center Back",NA,TRUE,NA,NA,40,"Right Foot",3942226,"16.1","56.8"
46,5,71,TRUE,NA,772,"Spain",1,"Regular Play",770,"Germany",12034,"David Raum",6,"Left Back",TRUE,NA,NA,NA,38,"Left Foot",3942226,"16.1","31"
53,1,85,TRUE,NA,770,"Germany",9,"From Kick Off",772,"Spain",6765,"Rodrigo Hernández Cascante",10,"Center Defensive Midfield",TRUE,NA,NA,NA,38,"Left Foot",3942226,"6.3","42.5"
53,33,85,TRUE,NA,770,"Germany",9,"From Kick Off",772,"Spain",17620,"Marc Cucurella Saseta",6,"Left Back",NA,NA,TRUE,NA,37,"Head",3942226,"9.8","34.4"
54,5,87,TRUE,NA,770,"Germany",1,"Regular Play",772,"Spain",6765,"Rodrigo Hernández Cascante",10,"Center Defensive Midfield",NA,TRUE,NA,NA,40,"Right Foot",3942226,"13.8","36.6"
54,8,87,TRUE,NA,770,"Germany",1,"Regular Play",772,"Spain",6655,"Fabián Ruiz Peña",15,"Left Center Midfield",TRUE,NA,NA,NA,38,"Left Foot",3942226,"21.1","36.8"
57,53,93,TRUE,NA,770,"Germany",1,"Regular Play",770,"Germany",8221,"Jonathan Tah",5,"Left Center Back",NA,TRUE,NA,NA,40,"Right Foot",3942226,"15.5","28.9"
58,48,95,TRUE,TRUE,770,"Germany",1,"Regular Play",772,"Spain",4353,"Aymeric Laporte",5,"Left Center Back",NA,NA,TRUE,NA,37,"Head",3942226,"6","33.4"
59,13,96,TRUE,NA,770,"Germany",4,"From Throw In",772,"Spain",4353,"Aymeric Laporte",5,"Left Center Back",NA,NA,TRUE,NA,37,"Head",3942226,"7.8","33.2"
59,23,96,TRUE,NA,770,"Germany",4,"From Throw In",772,"Spain",4353,"Aymeric Laporte",5,"Left Center Back",NA,NA,TRUE,NA,37,"Head",3942226,"8.5","32.6"
60,29,97,TRUE,NA,770,"Germany",2,"From Corner",772,"Spain",4353,"Aymeric Laporte",5,"Left Center Back",NA,NA,TRUE,NA,37,"Head",3942226,"8.9","36.1"
67,24,112,TRUE,NA,772,"Spain",3,"From Free Kick",770,"Germany",8966,"Kai Havertz",19,"Center Attacking Midfield",TRUE,NA,NA,NA,38,"Left Foot",3942226,"15.9","33.6"
73,44,123,TRUE,NA,772,"Spain",3,"From Free Kick",770,"Germany",8221,"Jonathan Tah",5,"Left Center Back",NA,NA,TRUE,TRUE,37,"Head",3942226,"9.1","39.1"
77,28,130,TRUE,NA,770,"Germany",1,"Regular Play",772,"Spain",4353,"Aymeric Laporte",5,"Left Center Back",NA,TRUE,NA,NA,40,"Right Foot",3942226,"18.2","9.5"
77,54,130,TRUE,NA,770,"Germany",1,"Regular Play",772,"Spain",6765,"Rodrigo Hernández Cascante",10,"Center Defensive Midfield",TRUE,NA,NA,NA,38,"Left Foot",3942226,"13.4","24.2"
80,4,132,TRUE,NA,772,"Spain",4,"From Throw In",770,"Germany",12407,"Maximilian Mittelstädt",6,"Left Back",TRUE,NA,NA,NA,38,"Left Foot",3942226,"9.3","28.7"
86,29,143,TRUE,TRUE,770,"Germany",1,"Regular Play",772,"Spain",5721,"Daniel Carvajal Ramos",2,"Right Back",NA,NA,TRUE,NA,37,"Head",3942226,"4.2","48.7"
87,10,144,TRUE,TRUE,770,"Germany",2,"From Corner",772,"Spain",16532,"Daniel Olmo Carvajal",21,"Left Wing",NA,TRUE,NA,NA,40,"Right Foot",3942226,"20.2","40.6"
91,21,151,TRUE,NA,772,"Spain",1,"Regular Play",770,"Germany",9195,"Robert Andrich",5,"Left Center Back",TRUE,NA,NA,NA,38,"Left Foot",3942226,"11.1","46.2"
93,36,158,TRUE,NA,770,"Germany",3,"From Free Kick",772,"Spain",5202,"José Ignacio Fernández Iglesias",3,"Right Center Back",NA,NA,TRUE,NA,37,"Head",3942226,"2.7","45.2"
90,59,161,TRUE,NA,772,"Spain",1,"Regular Play",770,"Germany",3167,"Antonio Rüdiger",3,"Right Center Back",NA,TRUE,NA,NA,40,"Right Foot",3942226,"15.3","37.1"
91,12,162,TRUE,TRUE,770,"Germany",1,"Regular Play",772,"Spain",5202,"José Ignacio Fernández Iglesias",3,"Right Center Back",NA,TRUE,NA,NA,40,"Right Foot",3942226,"6","45.3"
95,50,170,TRUE,NA,772,"Spain",3,"From Free Kick",770,"Germany",3167,"Antonio Rüdiger",3,"Right Center Back",NA,NA,TRUE,NA,37,"Head",3942226,"7.6","36.7"
97,16,172,TRUE,NA,770,"Germany",4,"From Throw In",772,"Spain",5202,"José Ignacio Fernández Iglesias",3,"Right Center Back",NA,TRUE,NA,NA,40,"Right Foot",3942226,"8.5","37.8"
100,22,176,TRUE,NA,770,"Germany",3,"From Free Kick",772,"Spain",5202,"José Ignacio Fernández Iglesias",3,"Right Center Back",NA,TRUE,NA,NA,40,"Right Foot",3942226,"8","46.2"
100,25,176,TRUE,NA,770,"Germany",3,"From Free Kick",772,"Spain",17620,"Marc Cucurella Saseta",6,"Left Back",NA,NA,TRUE,NA,37,"Head",3942226,"2.2","34"
105,59,182,TRUE,TRUE,772,"Spain",7,"From Goal Kick",770,"Germany",3167,"Antonio Rüdiger",3,"Right Center Back",NA,TRUE,NA,NA,40,"Right Foot",3942226,"32.6","64.4"
105,36,185,TRUE,TRUE,770,"Germany",1,"Regular Play",772,"Spain",5202,"José Ignacio Fernández Iglesias",3,"Right Center Back",NA,TRUE,NA,NA,40,"Right Foot",3942226,"9.9","42.3"
107,19,187,TRUE,TRUE,772,"Spain",1,"Regular Play",770,"Germany",3167,"Antonio Rüdiger",3,"Right Center Back",NA,TRUE,NA,NA,40,"Right Foot",3942226,"9.6","45.3"
107,49,188,TRUE,NA,772,"Spain",2,"From Corner",770,"Germany",5579,"Joshua Kimmich",2,"Right Back",TRUE,NA,NA,NA,38,"Left Foot",3942226,"8.3","35.6"
111,23,193,TRUE,NA,772,"Spain",3,"From Free Kick",770,"Germany",3167,"Antonio Rüdiger",3,"Right Center Back",NA,NA,TRUE,NA,37,"Head",3942226,"7.5","44.5"
114,27,198,TRUE,NA,772,"Spain",1,"Regular Play",770,"Germany",9195,"Robert Andrich",9,"Right Defensive Midfield",TRUE,NA,NA,NA,38,"Left Foot",3942226,"11.9","57.5"
121,3,206,TRUE,NA,770,"Germany",9,"From Kick Off",772,"Spain",5202,"José Ignacio Fernández Iglesias",3,"Right Center Back",NA,NA,TRUE,NA,37,"Head",3942226,"21.2","52.4"
121,20,206,TRUE,TRUE,770,"Germany",9,"From Kick Off",772,"Spain",3265,"José Luis Sanmartín Mato",24,"Left Center Forward",NA,NA,TRUE,TRUE,37,"Head",3942226,"32.1","57.1"
121,36,207,TRUE,NA,770,"Germany",4,"From Throw In",772,"Spain",3042,"Mikel Merino Zazón",11,"Left Defensive Midfield",TRUE,NA,NA,NA,38,"Left Foot",3942226,"10.7","45.5"
121,41,207,TRUE,NA,770,"Germany",4,"From Throw In",772,"Spain",3265,"José Luis Sanmartín Mato",24,"Left Center Forward",NA,NA,TRUE,NA,37,"Head",3942226,"12.2","33.3"
121,43,207,TRUE,NA,770,"Germany",4,"From Throw In",772,"Spain",6685,"Mikel Oyarzabal Ugarte",22,"Right Center Forward",TRUE,NA,NA,NA,38,"Left Foot",3942226,"26.3","39.9"
122,18,209,TRUE,NA,770,"Germany",1,"Regular Play",772,"Spain",3042,"Mikel Merino Zazón",11,"Left Defensive Midfield",NA,NA,TRUE,NA,37,"Head",3942226,"13.8","44.5"
122,20,209,TRUE,NA,770,"Germany",1,"Regular Play",772,"Spain",6685,"Mikel Oyarzabal Ugarte",22,"Right Center Forward",TRUE,NA,NA,NA,38,"Left Foot",3942226,"22","49.6"
2,35,4,TRUE,TRUE,772,"Spain",1,"Regular Play",2138,"Georgia",7839,"Guram Kashia",4,"Center Back",NA,NA,TRUE,NA,37,"Head",3941018,"16.7","52.8"
5,2,10,TRUE,NA,772,"Spain",1,"Regular Play",2138,"Georgia",48178,"Luka Lochoshvili",8,"Left Wing Back",NA,NA,TRUE,NA,37,"Head",3941018,"10.8","27"
7,42,13,TRUE,TRUE,772,"Spain",3,"From Free Kick",2138,"Georgia",41202,"Giorgi Kochorashvili",15,"Left Center Midfield",NA,TRUE,NA,NA,40,"Right Foot",3941018,"9","44.6"
8,16,14,TRUE,NA,772,"Spain",2,"From Corner",2138,"Georgia",7839,"Guram Kashia",4,"Center Back",NA,NA,TRUE,TRUE,37,"Head",3941018,"8.5","39.8"
8,18,14,TRUE,NA,772,"Spain",2,"From Corner",2138,"Georgia",23646,"Giorgi Chakvetadze",13,"Right Center Midfield",NA,NA,TRUE,NA,37,"Head",3941018,"16.7","36.4"
9,58,15,TRUE,TRUE,772,"Spain",2,"From Corner",2138,"Georgia",7839,"Guram Kashia",4,"Center Back",NA,TRUE,NA,NA,40,"Right Foot",3941018,"3.4","42.7"
10,45,17,TRUE,NA,772,"Spain",4,"From Throw In",2138,"Georgia",398886,"Giorgi Gvelesiani",3,"Right Center Back",TRUE,NA,NA,NA,38,"Left Foot",3941018,"13.8","38.1"
11,58,18,TRUE,NA,772,"Spain",2,"From Corner",2138,"Georgia",7655,"Lasha Dvali",5,"Left Center Back",TRUE,NA,NA,NA,38,"Left Foot",3941018,"11.3","35.2"
12,50,18,TRUE,TRUE,772,"Spain",2,"From Corner",2138,"Georgia",398886,"Giorgi Gvelesiani",3,"Right Center Back",NA,NA,TRUE,TRUE,37,"Head",3941018,"4.5","53.2"
17,13,25,TRUE,NA,2138,"Georgia",3,"From Free Kick",772,"Spain",22128,"Robin Aime Robert Le Normand",3,"Right Center Back",NA,NA,NA,NA,70,"Other",3941018,"8.2","40.6"
19,47,28,TRUE,NA,772,"Spain",1,"Regular Play",2138,"Georgia",7655,"Lasha Dvali",5,"Left Center Back",NA,NA,TRUE,NA,37,"Head",3941018,"10.4","36.9"
24,20,36,TRUE,NA,772,"Spain",1,"Regular Play",2138,"Georgia",48178,"Luka Lochoshvili",8,"Left Wing Back",NA,NA,TRUE,NA,37,"Head",3941018,"13.8","15.3"
26,5,38,TRUE,NA,2138,"Georgia",3,"From Free Kick",772,"Spain",4353,"Aymeric Laporte",5,"Left Center Back",NA,NA,TRUE,TRUE,37,"Head",3941018,"42.9","14.2"
26,35,39,TRUE,NA,772,"Spain",1,"Regular Play",2138,"Georgia",7655,"Lasha Dvali",5,"Left Center Back",NA,NA,TRUE,TRUE,37,"Head",3941018,"15.5","42.1"
31,45,52,TRUE,TRUE,772,"Spain",1,"Regular Play",2138,"Georgia",398886,"Giorgi Gvelesiani",3,"Right Center Back",NA,NA,TRUE,NA,37,"Head",3941018,"8.5","34.9"
33,8,56,TRUE,TRUE,2138,"Georgia",1,"Regular Play",772,"Spain",5721,"Daniel Carvajal Ramos",2,"Right Back",TRUE,NA,NA,NA,38,"Left Foot",3941018,"16.3","57.7"
37,31,63,TRUE,NA,2138,"Georgia",7,"From Goal Kick",772,"Spain",17620,"Marc Cucurella Saseta",6,"Left Back",NA,NA,TRUE,NA,37,"Head",3941018,"8.2","33.2"
41,50,67,TRUE,NA,772,"Spain",4,"From Throw In",2138,"Georgia",41202,"Giorgi Kochorashvili",10,"Center Defensive Midfield",NA,NA,TRUE,NA,37,"Head",3941018,"9.8","50"
41,54,67,TRUE,NA,772,"Spain",4,"From Throw In",2138,"Georgia",135844,"Sandro Altunashvili",13,"Right Center Midfield",NA,TRUE,NA,NA,40,"Right Foot",3941018,"19","64"
46,21,75,TRUE,NA,772,"Spain",4,"From Throw In",2138,"Georgia",398886,"Giorgi Gvelesiani",3,"Right Center Back",NA,NA,TRUE,NA,37,"Head",3941018,"7.3","39.4"
47,10,76,TRUE,TRUE,772,"Spain",2,"From Corner",2138,"Georgia",48178,"Luka Lochoshvili",8,"Left Wing Back",NA,NA,TRUE,NA,37,"Head",3941018,"2.7","46.5"
47,30,77,TRUE,NA,772,"Spain",2,"From Corner",2138,"Georgia",135844,"Sandro Altunashvili",13,"Right Center Midfield",NA,NA,TRUE,NA,37,"Head",3941018,"9","48.3"
47,17,81,TRUE,TRUE,772,"Spain",4,"From Throw In",2138,"Georgia",398886,"Giorgi Gvelesiani",3,"Right Center Back",NA,TRUE,NA,NA,40,"Right Foot",3941018,"7.2","48.9"
62,10,97,TRUE,NA,772,"Spain",1,"Regular Play",2138,"Georgia",398886,"Giorgi Gvelesiani",3,"Right Center Back",NA,NA,TRUE,NA,37,"Head",3941018,"13.5","48.6"
65,7,103,TRUE,NA,772,"Spain",2,"From Corner",2138,"Georgia",398886,"Giorgi Gvelesiani",3,"Right Center Back",NA,NA,TRUE,NA,37,"Head",3941018,"3.9","46.2"
71,39,112,TRUE,TRUE,2138,"Georgia",1,"Regular Play",772,"Spain",4353,"Aymeric Laporte",5,"Left Center Back",TRUE,NA,NA,NA,38,"Left Foot",3941018,"46.5","7.6"
86,54,133,TRUE,TRUE,2138,"Georgia",1,"Regular Play",772,"Spain",6821,"Jesús Navas González",2,"Right Back",TRUE,NA,NA,NA,38,"Left Foot",3941018,"11.9","55.5"
87,16,134,TRUE,TRUE,2138,"Georgia",2,"From Corner",772,"Spain",4353,"Aymeric Laporte",5,"Left Center Back",NA,NA,TRUE,TRUE,37,"Head",3941018,"7.8","39.9"
87,38,135,TRUE,NA,2138,"Georgia",2,"From Corner",772,"Spain",6685,"Mikel Oyarzabal Ugarte",23,"Center Forward",TRUE,NA,NA,NA,38,"Left Foot",3941018,"3.4","32.9"
92,12,143,TRUE,NA,772,"Spain",3,"From Free Kick",2138,"Georgia",7655,"Lasha Dvali",5,"Left Center Back",NA,TRUE,NA,NA,40,"Right Foot",3941018,"4.5","33.4"
1,11,5,TRUE,NA,906,"Albania",1,"Regular Play",772,"Spain",6821,"Jesús Navas González",2,"Right Back",NA,TRUE,NA,NA,40,"Right Foot",3930179,"42.1","59.4"
1,24,5,TRUE,NA,906,"Albania",1,"Regular Play",772,"Spain",10336,"Alejandro Grimaldo García",6,"Left Back",NA,NA,TRUE,TRUE,37,"Head",3930179,"6","39.5"
2,41,6,TRUE,NA,772,"Spain",1,"Regular Play",906,"Albania",49097,"Mario Mitaj",6,"Left Back",NA,NA,TRUE,NA,37,"Head",3930179,"9.6","30.8"
3,53,9,TRUE,NA,906,"Albania",4,"From Throw In",772,"Spain",6821,"Jesús Navas González",2,"Right Back",TRUE,NA,NA,NA,38,"Left Foot",3930179,"19.7","60.7"
4,50,10,TRUE,NA,906,"Albania",2,"From Corner",772,"Spain",16532,"Daniel Olmo Carvajal",19,"Center Attacking Midfield",NA,NA,TRUE,NA,37,"Head",3930179,"4.8","48.2"
7,41,15,TRUE,NA,772,"Spain",4,"From Throw In",906,"Albania",8291,"Arlind Afrim Ajeti",3,"Right Center Back",NA,NA,TRUE,NA,37,"Head",3930179,"5.7","37"
11,11,20,TRUE,TRUE,772,"Spain",1,"Regular Play",906,"Albania",8291,"Arlind Afrim Ajeti",3,"Right Center Back",NA,TRUE,NA,NA,40,"Right Foot",3930179,"3.5","46"
21,40,38,TRUE,NA,906,"Albania",7,"From Goal Kick",772,"Spain",41542,"Daniel Vivian Moreno",3,"Right Center Back",NA,TRUE,NA,NA,40,"Right Foot",3930179,"45.2","51.5"
22,8,39,TRUE,NA,772,"Spain",1,"Regular Play",906,"Albania",8291,"Arlind Afrim Ajeti",3,"Right Center Back",TRUE,NA,NA,NA,38,"Left Foot",3930179,"11","45.7"
22,16,39,TRUE,NA,772,"Spain",1,"Regular Play",906,"Albania",7108,"Berat Djimsiti",5,"Left Center Back",NA,NA,TRUE,NA,37,"Head",3930179,"6.5","34.8"
25,28,45,TRUE,NA,772,"Spain",2,"From Corner",906,"Albania",23987,"Rey Manaj",23,"Center Forward",NA,NA,TRUE,TRUE,37,"Head",3930179,"18.8","39"
27,26,49,TRUE,NA,772,"Spain",1,"Regular Play",906,"Albania",7108,"Berat Djimsiti",5,"Left Center Back",TRUE,NA,NA,NA,38,"Left Foot",3930179,"54.1","34.3"
30,34,53,TRUE,TRUE,906,"Albania",3,"From Free Kick",772,"Spain",41542,"Daniel Vivian Moreno",3,"Right Center Back",NA,TRUE,NA,NA,40,"Right Foot",3930179,"36.2","69.7"
32,34,57,TRUE,NA,772,"Spain",4,"From Throw In",906,"Albania",8291,"Arlind Afrim Ajeti",3,"Right Center Back",NA,NA,TRUE,TRUE,37,"Head",3930179,"6.5","40.4"
33,52,59,TRUE,TRUE,772,"Spain",1,"Regular Play",906,"Albania",3378,"Iván Balliu Campeny",2,"Right Back",NA,NA,TRUE,NA,37,"Head",3930179,"2.6","48.4"
35,29,60,TRUE,NA,772,"Spain",2,"From Corner",906,"Albania",49097,"Mario Mitaj",6,"Left Back",TRUE,NA,NA,NA,38,"Left Foot",3930179,"2.6","1.7"
42,14,69,TRUE,NA,772,"Spain",1,"Regular Play",906,"Albania",7108,"Berat Djimsiti",5,"Left Center Back",NA,NA,TRUE,TRUE,37,"Head",3930179,"7.7","40"
42,18,69,TRUE,TRUE,772,"Spain",1,"Regular Play",906,"Albania",8291,"Arlind Afrim Ajeti",3,"Right Center Back",TRUE,NA,NA,NA,38,"Left Foot",3930179,"7.7","38.4"
44,36,71,TRUE,NA,906,"Albania",7,"From Goal Kick",772,"Spain",4353,"Aymeric Laporte",5,"Left Center Back",NA,NA,TRUE,NA,37,"Head",3930179,"9.4","42.3"
49,30,84,TRUE,NA,906,"Albania",1,"Regular Play",772,"Spain",22128,"Robin Aime Robert Le Normand",5,"Left Center Back",NA,NA,TRUE,TRUE,37,"Head",3930179,"7.5","38"
57,42,93,TRUE,NA,772,"Spain",1,"Regular Play",906,"Albania",49097,"Mario Mitaj",6,"Left Back",NA,NA,TRUE,TRUE,37,"Head",3930179,"8.8","34"
59,2,94,TRUE,NA,772,"Spain",4,"From Throw In",906,"Albania",7108,"Berat Djimsiti",5,"Left Center Back",NA,NA,TRUE,NA,37,"Head",3930179,"5.7","39.3"
59,9,95,TRUE,NA,906,"Albania",1,"Regular Play",772,"Spain",41542,"Daniel Vivian Moreno",3,"Right Center Back",TRUE,NA,NA,NA,38,"Left Foot",3930179,"71.3","36.3"
63,49,100,TRUE,NA,906,"Albania",3,"From Free Kick",772,"Spain",41542,"Daniel Vivian Moreno",3,"Right Center Back",NA,NA,TRUE,NA,37,"Head",3930179,"4.5","30.8"
63,51,100,TRUE,TRUE,906,"Albania",3,"From Free Kick",772,"Spain",10336,"Alejandro Grimaldo García",6,"Left Back",TRUE,NA,NA,NA,38,"Left Foot",3930179,"2.3","23.8"
64,19,101,TRUE,NA,906,"Albania",4,"From Throw In",772,"Spain",3042,"Mikel Merino Zazón",11,"Left Defensive Midfield",NA,NA,TRUE,NA,37,"Head",3930179,"9.3","21.7"
64,30,101,TRUE,NA,906,"Albania",4,"From Throw In",772,"Spain",41542,"Daniel Vivian Moreno",3,"Right Center Back",TRUE,NA,NA,NA,38,"Left Foot",3930179,"28.3","20.1"
64,33,101,TRUE,NA,906,"Albania",4,"From Throw In",772,"Spain",22128,"Robin Aime Robert Le Normand",5,"Left Center Back",NA,TRUE,NA,NA,40,"Right Foot",3930179,"22.5","20.4"
70,11,112,TRUE,NA,772,"Spain",2,"From Corner",906,"Albania",7108,"Berat Djimsiti",5,"Left Center Back",NA,NA,TRUE,NA,37,"Head",3930179,"4.4","39.9"
70,14,112,TRUE,NA,772,"Spain",2,"From Corner",906,"Albania",3378,"Iván Balliu Campeny",2,"Right Back",NA,NA,TRUE,NA,37,"Head",3930179,"8.8","52.3"
84,55,142,TRUE,NA,772,"Spain",1,"Regular Play",772,"Spain",6821,"Jesús Navas González",2,"Right Back",TRUE,NA,NA,NA,38,"Left Foot",3930179,"15.3","40.2"
3,0,8,TRUE,NA,772,"Spain",3,"From Free Kick",914,"Italy",11514,"Giovanni Di Lorenzo",2,"Right Back",NA,TRUE,NA,NA,40,"Right Foot",3930172,"8.5","50.4"
12,47,22,TRUE,NA,914,"Italy",1,"Regular Play",772,"Spain",4353,"Aymeric Laporte",5,"Left Center Back",NA,TRUE,NA,NA,40,"Right Foot",3930172,"10.7","42.9"
27,15,45,TRUE,NA,772,"Spain",1,"Regular Play",914,"Italy",41768,"Riccardo Calafiori",5,"Left Center Back",NA,NA,TRUE,NA,37,"Head",3930172,"7.1","44"
39,21,67,TRUE,NA,914,"Italy",1,"Regular Play",772,"Spain",4353,"Aymeric Laporte",5,"Left Center Back",TRUE,NA,NA,NA,38,"Left Foot",3930172,"45.7","1.9"
47,35,85,TRUE,NA,772,"Spain",3,"From Free Kick",914,"Italy",10992,"Gianluca Scamacca",23,"Center Forward",NA,TRUE,NA,NA,40,"Right Foot",3930172,"14.4","35.4"
49,10,88,TRUE,NA,772,"Spain",2,"From Corner",914,"Italy",11514,"Giovanni Di Lorenzo",2,"Right Back",NA,NA,TRUE,TRUE,37,"Head",3930172,"3.4","35.3"
49,12,88,TRUE,NA,772,"Spain",2,"From Corner",914,"Italy",7156,"Federico Chiesa",21,"Left Wing",NA,TRUE,NA,NA,40,"Right Foot",3930172,"14.5","36"
49,22,88,TRUE,NA,772,"Spain",2,"From Corner",914,"Italy",11514,"Giovanni Di Lorenzo",2,"Right Back",NA,TRUE,NA,NA,40,"Right Foot",3930172,"15.1","20.2"
49,45,90,TRUE,NA,772,"Spain",1,"Regular Play",914,"Italy",41768,"Riccardo Calafiori",5,"Left Center Back",NA,NA,TRUE,NA,37,"Head",3930172,"11.2","38.5"
67,22,116,TRUE,TRUE,772,"Spain",1,"Regular Play",914,"Italy",7480,"Alessandro Bastoni",3,"Right Center Back",NA,TRUE,NA,NA,40,"Right Foot",3930172,"4.3","52.5"
67,58,118,TRUE,NA,914,"Italy",1,"Regular Play",772,"Spain",22128,"Robin Aime Robert Le Normand",3,"Right Center Back",NA,TRUE,NA,NA,40,"Right Foot",3930172,"41.4","74.3"
87,4,142,TRUE,NA,914,"Italy",1,"Regular Play",772,"Spain",4353,"Aymeric Laporte",5,"Left Center Back",TRUE,NA,NA,NA,38,"Left Foot",3930172,"19.6","41.9"
87,4,142,TRUE,NA,914,"Italy",1,"Regular Play",772,"Spain",17620,"Marc Cucurella Saseta",6,"Left Back",NA,TRUE,NA,NA,40,"Right Foot",3930172,"15.9","37.6"
88,31,143,TRUE,NA,772,"Spain",3,"From Free Kick",914,"Italy",8792,"Mattia Zaccagni",21,"Left Wing",NA,NA,TRUE,TRUE,37,"Head",3930172,"29.5","2.6"
88,33,143,TRUE,NA,772,"Spain",3,"From Free Kick",914,"Italy",41768,"Riccardo Calafiori",5,"Left Center Back",NA,NA,TRUE,TRUE,37,"Head",3930172,"21.1","14.6"
88,35,143,TRUE,NA,772,"Spain",3,"From Free Kick",914,"Italy",41768,"Riccardo Calafiori",5,"Left Center Back",NA,NA,TRUE,TRUE,37,"Head",3930172,"21.5","14.7"
90,36,148,TRUE,NA,772,"Spain",7,"From Goal Kick",914,"Italy",7480,"Alessandro Bastoni",3,"Right Center Back",TRUE,NA,NA,NA,38,"Left Foot",3930172,"6.3","37.6"
90,37,148,TRUE,NA,772,"Spain",7,"From Goal Kick",914,"Italy",8181,"Nicolò Barella",10,"Center Defensive Midfield",NA,NA,TRUE,NA,37,"Head",3930172,"21.7","27.5"
90,51,148,TRUE,NA,772,"Spain",7,"From Goal Kick",914,"Italy",7480,"Alessandro Bastoni",3,"Right Center Back",TRUE,NA,NA,NA,38,"Left Foot",3930172,"7.2","45.6"
94,28,156,TRUE,NA,914,"Italy",1,"Regular Play",772,"Spain",6765,"Rodrigo Hernández Cascante",9,"Right Defensive Midfield",TRUE,NA,NA,NA,38,"Left Foot",3930172,"15","37.6"
94,54,158,TRUE,TRUE,914,"Italy",1,"Regular Play",772,"Spain",4353,"Aymeric Laporte",5,"Left Center Back",NA,NA,TRUE,NA,37,"Head",3930172,"3.5","34.7"
96,0,159,TRUE,NA,914,"Italy",2,"From Corner",772,"Spain",6765,"Rodrigo Hernández Cascante",9,"Right Defensive Midfield",NA,NA,TRUE,NA,37,"Head",3930172,"6.1","41.7"
96,7,159,TRUE,NA,914,"Italy",2,"From Corner",772,"Spain",6765,"Rodrigo Hernández Cascante",9,"Right Defensive Midfield",NA,NA,TRUE,NA,37,"Head",3930172,"3.8","46.2"
