"minute","second","possession","under_pressure","counterpress","possession_team.id","possession_team.name","play_pattern.id","play_pattern.name","team.id","team.name","player.id","player.name","position.id","position.name","duel.type.id","duel.type.name","duel.outcome.id","duel.outcome.name","match_id","location_x","location_y"
0,18,3,TRUE,NA,772,"Spain",4,"From Throw In",785,"Croatia",8773,"Marin Pongracic",5,"Left Center Back",10,"Aerial Lost",NA,NA,3930160,"72.6","10.2"
2,46,4,TRUE,NA,785,"Croatia",8,"From Keeper",772,"Spain",22128,"Robin Aime Robert Le Normand",3,"Right Center Back",10,"Aerial Lost",NA,NA,3930160,"62.1","37.9"
3,35,5,TRUE,NA,785,"Croatia",3,"From Free Kick",772,"Spain",17620,"Marc Cucurella Saseta",6,"Left Back",11,"Tackle",14,"Lost Out",3930160,"76.5","2.5"
7,30,12,TRUE,TRUE,772,"Spain",1,"Regular Play",772,"Spain",3477,"Álvaro Borja Morata Martín",23,"Center Forward",11,"Tackle",17,"Success Out",3930160,"93","3.8"
8,35,13,TRUE,NA,772,"Spain",4,"From Throw In",785,"Croatia",5469,"Marcelo Brozović",10,"Center Defensive Midfield",11,"Tackle",13,"Lost In Play",3930160,"35.8","53.4"
9,0,14,TRUE,TRUE,785,"Croatia",1,"Regular Play",785,"Croatia",49337,"Josip Stanišić",2,"Right Back",10,"Aerial Lost",NA,NA,3930160,"36.9","65.8"
10,22,16,TRUE,NA,785,"Croatia",7,"From Goal Kick",772,"Spain",17620,"Marc Cucurella Saseta",6,"Left Back",10,"Aerial Lost",NA,NA,3930160,"56.5","4.2"
11,42,19,TRUE,TRUE,785,"Croatia",7,"From Goal Kick",785,"Croatia",8773,"Marin Pongracic",5,"Left Center Back",11,"Tackle",16,"Success In Play",3930160,"16.4","32.4"
18,27,31,TRUE,NA,772,"Spain",4,"From Throw In",785,"Croatia",33018,"Joško Gvardiol",6,"Left Back",11,"Tackle",14,"Lost Out",3930160,"49.5","2.7"
19,56,35,TRUE,NA,785,"Croatia",4,"From Throw In",772,"Spain",17620,"Marc Cucurella Saseta",6,"Left Back",10,"Aerial Lost",NA,NA,3930160,"55.9","35.4"
21,49,37,TRUE,NA,785,"Croatia",1,"Regular Play",772,"Spain",22128,"Robin Aime Robert Le Normand",3,"Right Center Back",10,"Aerial Lost",NA,NA,3930160,"12.4","40.8"
24,3,41,TRUE,NA,785,"Croatia",4,"From Throw In",785,"Croatia",28914,"Lovro Majer",17,"Right Wing",10,"Aerial Lost",NA,NA,3930160,"57.3","44.2"
24,9,41,TRUE,NA,785,"Croatia",4,"From Throw In",785,"Croatia",49337,"Josip Stanišić",2,"Right Back",10,"Aerial Lost",NA,NA,3930160,"65.1","71.9"
24,54,42,TRUE,NA,772,"Spain",3,"From Free Kick",785,"Croatia",28914,"Lovro Majer",17,"Right Wing",11,"Tackle",14,"Lost Out",3930160,"42.2","79.4"
25,25,45,TRUE,TRUE,772,"Spain",1,"Regular Play",772,"Spain",3477,"Álvaro Borja Morata Martín",23,"Center Forward",11,"Tackle",4,"Won",3930160,"72.8","21.2"
26,5,46,TRUE,NA,785,"Croatia",7,"From Goal Kick",772,"Spain",5202,"José Ignacio Fernández Iglesias",5,"Left Center Back",10,"Aerial Lost",NA,NA,3930160,"49.6","8.7"
26,46,48,TRUE,NA,785,"Croatia",1,"Regular Play",785,"Croatia",5460,"Andrej Kramarić",21,"Left Wing",10,"Aerial Lost",NA,NA,3930160,"57.1","26"
26,49,48,TRUE,NA,785,"Croatia",1,"Regular Play",785,"Croatia",8654,"Ante Budimir",23,"Center Forward",10,"Aerial Lost",NA,NA,3930160,"58.2","40.7"
27,58,48,TRUE,NA,785,"Croatia",1,"Regular Play",785,"Croatia",8654,"Ante Budimir",23,"Center Forward",10,"Aerial Lost",NA,NA,3930160,"80.7","37.8"
32,53,56,TRUE,NA,785,"Croatia",9,"From Kick Off",772,"Spain",6655,"Fabián Ruiz Peña",11,"Left Defensive Midfield",11,"Tackle",16,"Success In Play",3930160,"15.3","38.7"
34,3,59,TRUE,NA,772,"Spain",4,"From Throw In",785,"Croatia",8773,"Marin Pongracic",5,"Left Center Back",10,"Aerial Lost",NA,NA,3930160,"65.3","6.9"
34,33,60,TRUE,NA,772,"Spain",3,"From Free Kick",785,"Croatia",37148,"Josip Šutalo",3,"Right Center Back",11,"Tackle",14,"Lost Out",3930160,"5.5","73.2"
35,11,61,TRUE,NA,772,"Spain",2,"From Corner",785,"Croatia",8773,"Marin Pongracic",5,"Left Center Back",10,"Aerial Lost",NA,NA,3930160,"5.9","44.5"
39,53,68,TRUE,NA,785,"Croatia",4,"From Throw In",785,"Croatia",8654,"Ante Budimir",23,"Center Forward",10,"Aerial Lost",NA,NA,3930160,"63.7","54.7"
42,9,72,TRUE,NA,785,"Croatia",7,"From Goal Kick",772,"Spain",5721,"Daniel Carvajal Ramos",2,"Right Back",11,"Tackle",13,"Lost In Play",3930160,"84.3","73.9"
42,10,73,TRUE,TRUE,772,"Spain",1,"Regular Play",785,"Croatia",8773,"Marin Pongracic",5,"Left Center Back",11,"Tackle",13,"Lost In Play",3930160,"26.6","2.6"
42,25,73,TRUE,NA,772,"Spain",1,"Regular Play",785,"Croatia",49337,"Josip Stanišić",2,"Right Back",11,"Tackle",14,"Lost Out",3930160,"51.8","77.2"
45,1,76,TRUE,NA,772,"Spain",7,"From Goal Kick",785,"Croatia",49337,"Josip Stanišić",2,"Right Back",10,"Aerial Lost",NA,NA,3930160,"41.5","76.1"
45,5,76,TRUE,NA,772,"Spain",7,"From Goal Kick",785,"Croatia",8654,"Ante Budimir",23,"Center Forward",10,"Aerial Lost",NA,NA,3930160,"49.6","59.6"
45,23,77,TRUE,NA,785,"Croatia",1,"Regular Play",785,"Croatia",8654,"Ante Budimir",23,"Center Forward",10,"Aerial Lost",NA,NA,3930160,"108.3","45.4"
46,0,83,TRUE,TRUE,772,"Spain",1,"Regular Play",772,"Spain",30486,"Pedro González López",19,"Center Attacking Midfield",11,"Tackle",16,"Success In Play",3930160,"53.3","72.8"
47,8,87,TRUE,TRUE,785,"Croatia",1,"Regular Play",785,"Croatia",49337,"Josip Stanišić",2,"Right Back",11,"Tackle",4,"Won",3930160,"17.1","63"
47,11,87,TRUE,TRUE,785,"Croatia",1,"Regular Play",772,"Spain",17620,"Marc Cucurella Saseta",6,"Left Back",11,"Tackle",14,"Lost Out",3930160,"93.6","1.4"
48,53,93,TRUE,TRUE,785,"Croatia",1,"Regular Play",785,"Croatia",49337,"Josip Stanišić",2,"Right Back",11,"Tackle",16,"Success In Play",3930160,"64.6","77.9"
49,10,93,TRUE,NA,785,"Croatia",1,"Regular Play",785,"Croatia",8654,"Ante Budimir",23,"Center Forward",10,"Aerial Lost",NA,NA,3930160,"60.7","65.2"
51,40,101,TRUE,NA,772,"Spain",1,"Regular Play",785,"Croatia",8773,"Marin Pongracic",5,"Left Center Back",11,"Tackle",13,"Lost In Play",3930160,"30.4","53.2"
54,29,105,TRUE,NA,785,"Croatia",3,"From Free Kick",772,"Spain",5721,"Daniel Carvajal Ramos",2,"Right Back",11,"Tackle",13,"Lost In Play",3930160,"7.4","47.5"
54,32,105,TRUE,NA,785,"Croatia",3,"From Free Kick",772,"Spain",6765,"Rodrigo Hernández Cascante",9,"Right Defensive Midfield",10,"Aerial Lost",NA,NA,3930160,"3.1","43.1"
57,30,109,TRUE,TRUE,785,"Croatia",1,"Regular Play",785,"Croatia",49337,"Josip Stanišić",2,"Right Back",11,"Tackle",16,"Success In Play",3930160,"35.7","77.4"
61,30,114,TRUE,NA,772,"Spain",1,"Regular Play",785,"Croatia",49337,"Josip Stanišić",2,"Right Back",10,"Aerial Lost",NA,NA,3930160,"74.7","73.6"
61,37,114,TRUE,TRUE,772,"Spain",1,"Regular Play",772,"Spain",16532,"Daniel Olmo Carvajal",19,"Center Attacking Midfield",10,"Aerial Lost",NA,NA,3930160,"54.2","16.5"
66,11,122,TRUE,NA,785,"Croatia",1,"Regular Play",772,"Spain",316046,"Lamine Yamal Nasraoui Ebana",17,"Right Wing",11,"Tackle",13,"Lost In Play",3930160,"17.8","76.8"
67,28,125,TRUE,NA,772,"Spain",1,"Regular Play",785,"Croatia",39490,"Luka Sučić",13,"Right Center Midfield",10,"Aerial Lost",NA,NA,3930160,"70.8","59.1"
68,35,129,TRUE,NA,772,"Spain",4,"From Throw In",785,"Croatia",28914,"Lovro Majer",15,"Left Center Midfield",11,"Tackle",4,"Won",3930160,"20.9","64.4"
68,42,129,TRUE,TRUE,772,"Spain",4,"From Throw In",772,"Spain",5202,"José Ignacio Fernández Iglesias",5,"Left Center Back",11,"Tackle",16,"Success In Play",3930160,"69.6","3.5"
70,33,132,TRUE,NA,785,"Croatia",1,"Regular Play",785,"Croatia",5474,"Ivan Perišić",21,"Left Wing",10,"Aerial Lost",NA,NA,3930160,"55.8","39.7"
70,59,132,TRUE,NA,785,"Croatia",1,"Regular Play",772,"Spain",316046,"Lamine Yamal Nasraoui Ebana",17,"Right Wing",11,"Tackle",4,"Won",3930160,"35.2","76.2"
71,1,132,TRUE,TRUE,785,"Croatia",1,"Regular Play",785,"Croatia",33018,"Joško Gvardiol",6,"Left Back",11,"Tackle",16,"Success In Play",3930160,"87.6","1"
71,21,133,TRUE,NA,772,"Spain",1,"Regular Play",785,"Croatia",49337,"Josip Stanišić",2,"Right Back",11,"Tackle",17,"Success Out",3930160,"53.6","76"
74,8,138,TRUE,TRUE,785,"Croatia",4,"From Throw In",785,"Croatia",5474,"Ivan Perišić",21,"Left Wing",10,"Aerial Lost",NA,NA,3930160,"74.6","68.7"
81,10,148,TRUE,NA,772,"Spain",3,"From Free Kick",772,"Spain",3042,"Mikel Merino Zazón",19,"Center Attacking Midfield",10,"Aerial Lost",NA,NA,3930160,"76","2.3"
81,13,148,TRUE,NA,772,"Spain",3,"From Free Kick",785,"Croatia",5469,"Marcelo Brozović",10,"Center Defensive Midfield",10,"Aerial Lost",NA,NA,3930160,"44.6","72.5"
82,35,152,TRUE,NA,772,"Spain",1,"Regular Play",785,"Croatia",11603,"Mario Pašalić",17,"Right Wing",10,"Aerial Lost",NA,NA,3930160,"79.2","37.7"
86,8,157,TRUE,NA,772,"Spain",1,"Regular Play",772,"Spain",6685,"Mikel Oyarzabal Ugarte",23,"Center Forward",10,"Aerial Lost",NA,NA,3930160,"76","78.7"
86,13,158,TRUE,TRUE,785,"Croatia",1,"Regular Play",785,"Croatia",5469,"Marcelo Brozović",10,"Center Defensive Midfield",11,"Tackle",16,"Success In Play",3930160,"58.9","9.5"
87,38,159,TRUE,TRUE,772,"Spain",1,"Regular Play",772,"Spain",24921,"Martín Zubimendi Ibáñez",11,"Left Defensive Midfield",11,"Tackle",4,"Won",3930160,"35.6","32.9"
87,44,159,TRUE,NA,772,"Spain",1,"Regular Play",785,"Croatia",28914,"Lovro Majer",15,"Left Center Midfield",11,"Tackle",13,"Lost In Play",3930160,"78.5","30.4"
91,49,162,TRUE,NA,785,"Croatia",3,"From Free Kick",772,"Spain",5721,"Daniel Carvajal Ramos",2,"Right Back",10,"Aerial Lost",NA,NA,3930160,"12.3","52.6"
92,27,163,TRUE,NA,772,"Spain",7,"From Goal Kick",772,"Spain",3042,"Mikel Merino Zazón",19,"Center Attacking Midfield",10,"Aerial Lost",NA,NA,3930160,"74.2","6.9"
93,9,164,TRUE,NA,772,"Spain",2,"From Corner",785,"Croatia",33018,"Joško Gvardiol",6,"Left Back",10,"Aerial Lost",NA,NA,3930160,"13.2","26.2"
93,27,165,TRUE,NA,785,"Croatia",1,"Regular Play",772,"Spain",24921,"Martín Zubimendi Ibáñez",11,"Left Defensive Midfield",10,"Aerial Lost",NA,NA,3930160,"18.2","12.4"
93,37,167,TRUE,TRUE,785,"Croatia",1,"Regular Play",785,"Croatia",37148,"Josip Šutalo",3,"Right Center Back",11,"Tackle",4,"Won",3930160,"37.3","71.5"
93,56,168,TRUE,NA,785,"Croatia",3,"From Free Kick",772,"Spain",5721,"Daniel Carvajal Ramos",2,"Right Back",10,"Aerial Lost",NA,NA,3930160,"38.7","51.2"
0,59,4,TRUE,NA,772,"Spain",4,"From Throw In",768,"England",30714,"Jude Bellingham",21,"Left Wing",11,"Tackle",4,"Won",3943043,"50.3","2"
1,1,4,TRUE,TRUE,772,"Spain",4,"From Throw In",772,"Spain",5721,"Daniel Carvajal Ramos",2,"Right Back",11,"Tackle",16,"Success In Play",3943043,"63.5","78.3"
1,39,6,TRUE,TRUE,772,"Spain",1,"Regular Play",772,"Spain",5721,"Daniel Carvajal Ramos",2,"Right Back",11,"Tackle",4,"Won",3943043,"69","77.7"
1,53,6,TRUE,NA,772,"Spain",1,"Regular Play",768,"England",30714,"Jude Bellingham",21,"Left Wing",11,"Tackle",14,"Lost Out",3943043,"86.6","3.3"
3,20,8,TRUE,NA,768,"England",1,"Regular Play",768,"England",10955,"Harry Kane",23,"Center Forward",10,"Aerial Lost",NA,NA,3943043,"58.5","53.6"
4,12,9,TRUE,NA,772,"Spain",1,"Regular Play",772,"Spain",3477,"Álvaro Borja Morata Martín",23,"Center Forward",10,"Aerial Lost",NA,NA,3943043,"111.6","39.3"
4,49,10,TRUE,NA,772,"Spain",2,"From Corner",772,"Spain",5721,"Daniel Carvajal Ramos",2,"Right Back",10,"Aerial Lost",NA,NA,3943043,"116.3","34.4"
5,0,12,TRUE,TRUE,772,"Spain",1,"Regular Play",772,"Spain",316046,"Lamine Yamal Nasraoui Ebana",17,"Right Wing",11,"Tackle",16,"Success In Play",3943043,"87.3","13.7"
7,47,14,TRUE,NA,768,"England",4,"From Throw In",772,"Spain",4353,"Aymeric Laporte",5,"Left Center Back",10,"Aerial Lost",NA,NA,3943043,"74.9","10.8"
7,51,15,TRUE,TRUE,772,"Spain",1,"Regular Play",768,"England",99174,"Kobbie Mainoo",9,"Right Defensive Midfield",10,"Aerial Lost",NA,NA,3943043,"44.2","73.9"
12,20,22,TRUE,NA,772,"Spain",2,"From Corner",768,"England",34526,"Marc Guehi",5,"Left Center Back",10,"Aerial Lost",NA,NA,3943043,"5.9","31.8"
14,32,26,TRUE,NA,768,"England",4,"From Throw In",772,"Spain",16532,"Daniel Olmo Carvajal",19,"Center Attacking Midfield",11,"Tackle",13,"Lost In Play",3943043,"57.4","73.6"
16,35,27,TRUE,TRUE,768,"England",2,"From Corner",768,"England",10955,"Harry Kane",23,"Center Forward",10,"Aerial Lost",NA,NA,3943043,"91.9","24.9"
19,29,32,TRUE,TRUE,772,"Spain",4,"From Throw In",772,"Spain",16532,"Daniel Olmo Carvajal",19,"Center Attacking Midfield",11,"Tackle",4,"Won",3943043,"63.9","41.4"
21,52,34,TRUE,NA,768,"England",3,"From Free Kick",768,"England",10955,"Harry Kane",23,"Center Forward",10,"Aerial Lost",NA,NA,3943043,"88","50.3"
21,54,34,TRUE,NA,768,"England",3,"From Free Kick",772,"Spain",16532,"Daniel Olmo Carvajal",19,"Center Attacking Midfield",10,"Aerial Lost",NA,NA,3943043,"43.7","30.2"
21,56,34,TRUE,NA,768,"England",3,"From Free Kick",772,"Spain",3477,"Álvaro Borja Morata Martín",23,"Center Forward",10,"Aerial Lost",NA,NA,3943043,"50.8","26.7"
22,0,34,TRUE,NA,768,"England",3,"From Free Kick",772,"Spain",16532,"Daniel Olmo Carvajal",19,"Center Attacking Midfield",10,"Aerial Lost",NA,NA,3943043,"45.1","24.7"
22,31,36,TRUE,NA,772,"Spain",4,"From Throw In",768,"England",3244,"John Stones",3,"Right Center Back",10,"Aerial Lost",NA,NA,3943043,"45.4","65"
24,5,40,TRUE,NA,768,"England",3,"From Free Kick",768,"England",22084,"Bukayo Saka",17,"Right Wing",10,"Aerial Lost",NA,NA,3943043,"94.9","72.8"
24,9,40,TRUE,TRUE,768,"England",3,"From Free Kick",768,"England",99174,"Kobbie Mainoo",9,"Right Defensive Midfield",11,"Tackle",4,"Won",3943043,"83.4","57"
24,33,42,TRUE,TRUE,768,"England",1,"Regular Play",772,"Spain",3477,"Álvaro Borja Morata Martín",23,"Center Forward",11,"Tackle",16,"Success In Play",3943043,"21.9","9.4"
26,39,43,TRUE,NA,772,"Spain",3,"From Free Kick",768,"England",30714,"Jude Bellingham",21,"Left Wing",10,"Aerial Lost",NA,NA,3943043,"58.7","14.9"
26,42,43,TRUE,NA,772,"Spain",3,"From Free Kick",768,"England",3382,"Luke Shaw",6,"Left Back",11,"Tackle",14,"Lost Out",3943043,"43.2","6.1"
28,30,46,TRUE,NA,768,"England",8,"From Keeper",768,"England",30714,"Jude Bellingham",21,"Left Wing",10,"Aerial Lost",NA,NA,3943043,"87","16.9"
28,51,47,TRUE,NA,772,"Spain",4,"From Throw In",768,"England",30714,"Jude Bellingham",21,"Left Wing",11,"Tackle",14,"Lost Out",3943043,"100.4","2"
32,18,54,TRUE,TRUE,772,"Spain",1,"Regular Play",768,"England",4354,"Phil Foden",19,"Center Attacking Midfield",11,"Tackle",13,"Lost In Play",3943043,"92.5","26.1"
33,32,56,TRUE,NA,772,"Spain",5,"Other",768,"England",3382,"Luke Shaw",6,"Left Back",11,"Tackle",14,"Lost Out",3943043,"5.3","18.3"
36,38,59,TRUE,NA,768,"England",7,"From Goal Kick",772,"Spain",4353,"Aymeric Laporte",5,"Left Center Back",10,"Aerial Lost",NA,NA,3943043,"45.1","13.5"
37,40,60,TRUE,TRUE,772,"Spain",1,"Regular Play",772,"Spain",6655,"Fabián Ruiz Peña",11,"Left Defensive Midfield",11,"Tackle",16,"Success In Play",3943043,"85.7","51.9"
38,40,61,TRUE,NA,768,"England",7,"From Goal Kick",772,"Spain",22128,"Robin Aime Robert Le Normand",3,"Right Center Back",10,"Aerial Lost",NA,NA,3943043,"56.4","42.2"
38,50,63,TRUE,TRUE,768,"England",1,"Regular Play",768,"England",3205,"Kyle Walker",2,"Right Back",11,"Tackle",4,"Won",3943043,"51.1","74.8"
42,22,69,TRUE,NA,772,"Spain",1,"Regular Play",768,"England",34526,"Marc Guehi",5,"Left Center Back",11,"Tackle",16,"Success In Play",3943043,"9.5","53.6"
43,0,70,TRUE,NA,772,"Spain",2,"From Corner",772,"Spain",3477,"Álvaro Borja Morata Martín",23,"Center Forward",10,"Aerial Lost",NA,NA,3943043,"114.9","38.7"
43,8,71,TRUE,NA,768,"England",1,"Regular Play",772,"Spain",6655,"Fabián Ruiz Peña",11,"Left Defensive Midfield",11,"Tackle",14,"Lost Out",3943043,"116.8","76.4"
44,0,74,TRUE,TRUE,768,"England",1,"Regular Play",768,"England",30714,"Jude Bellingham",21,"Left Wing",11,"Tackle",4,"Won",3943043,"92.2","19.4"
45,41,75,TRUE,NA,768,"England",3,"From Free Kick",768,"England",10955,"Harry Kane",23,"Center Forward",10,"Aerial Lost",NA,NA,3943043,"111.1","37.4"
46,45,78,TRUE,NA,768,"England",7,"From Goal Kick",768,"England",22084,"Bukayo Saka",17,"Right Wing",10,"Aerial Lost",NA,NA,3943043,"87.4","75"
45,24,80,TRUE,TRUE,772,"Spain",9,"From Kick Off",772,"Spain",3477,"Álvaro Borja Morata Martín",23,"Center Forward",10,"Aerial Lost",NA,NA,3943043,"56.8","24.7"
47,31,82,TRUE,NA,768,"England",9,"From Kick Off",768,"England",10955,"Harry Kane",23,"Center Forward",10,"Aerial Lost",NA,NA,3943043,"94.7","59.5"
49,13,84,TRUE,NA,768,"England",7,"From Goal Kick",768,"England",10955,"Harry Kane",23,"Center Forward",10,"Aerial Lost",NA,NA,3943043,"64.5","28.1"
49,20,86,TRUE,TRUE,768,"England",1,"Regular Play",768,"England",99174,"Kobbie Mainoo",9,"Right Defensive Midfield",11,"Tackle",4,"Won",3943043,"62.5","18.7"
50,23,88,TRUE,NA,772,"Spain",7,"From Goal Kick",772,"Spain",316046,"Lamine Yamal Nasraoui Ebana",17,"Right Wing",10,"Aerial Lost",NA,NA,3943043,"78.1","60.5"
51,54,90,TRUE,NA,772,"Spain",4,"From Throw In",768,"England",30714,"Jude Bellingham",21,"Left Wing",10,"Aerial Lost",NA,NA,3943043,"92.6","19.8"
54,4,91,TRUE,NA,772,"Spain",3,"From Free Kick",768,"England",30714,"Jude Bellingham",21,"Left Wing",11,"Tackle",13,"Lost In Play",3943043,"48.1","6"
55,7,92,TRUE,NA,772,"Spain",4,"From Throw In",768,"England",30714,"Jude Bellingham",21,"Left Wing",11,"Tackle",4,"Won",3943043,"15.3","25.4"
57,9,96,TRUE,TRUE,768,"England",1,"Regular Play",768,"England",3382,"Luke Shaw",6,"Left Back",11,"Tackle",4,"Won",3943043,"46.7","6.5"
58,17,97,TRUE,NA,772,"Spain",4,"From Throw In",768,"England",3943,"Declan Rice",11,"Left Defensive Midfield",11,"Tackle",13,"Lost In Play",3943043,"65.3","25.6"
59,47,98,TRUE,NA,768,"England",1,"Regular Play",772,"Spain",17620,"Marc Cucurella Saseta",6,"Left Back",11,"Tackle",16,"Success In Play",3943043,"15.1","5.5"
60,0,98,TRUE,NA,768,"England",1,"Regular Play",772,"Spain",5721,"Daniel Carvajal Ramos",2,"Right Back",11,"Tackle",14,"Lost Out",3943043,"30.9","71.7"
60,52,99,TRUE,NA,768,"England",4,"From Throw In",772,"Spain",24921,"Martín Zubimendi Ibáñez",9,"Right Defensive Midfield",11,"Tackle",13,"Lost In Play",3943043,"27","33"
62,46,100,TRUE,NA,768,"England",3,"From Free Kick",768,"England",4354,"Phil Foden",19,"Center Attacking Midfield",10,"Aerial Lost",NA,NA,3943043,"99.2","64.1"
66,27,106,TRUE,NA,772,"Spain",2,"From Corner",768,"England",3943,"Declan Rice",11,"Left Defensive Midfield",10,"Aerial Lost",NA,NA,3943043,"8.2","36.3"
68,4,109,TRUE,TRUE,772,"Spain",1,"Regular Play",772,"Spain",6685,"Mikel Oyarzabal Ugarte",23,"Center Forward",11,"Tackle",16,"Success In Play",3943043,"85.7","9.5"
69,2,110,TRUE,NA,772,"Spain",2,"From Corner",772,"Spain",22128,"Robin Aime Robert Le Normand",3,"Right Center Back",10,"Aerial Lost",NA,NA,3943043,"112.9","33"
70,26,112,TRUE,TRUE,768,"England",4,"From Throw In",768,"England",39461,"Cole Palmer",19,"Center Attacking Midfield",11,"Tackle",16,"Success In Play",3943043,"94.5","64.8"
70,29,113,TRUE,TRUE,772,"Spain",1,"Regular Play",772,"Spain",6655,"Fabián Ruiz Peña",11,"Left Defensive Midfield",11,"Tackle",16,"Success In Play",3943043,"34.2","13"
74,49,121,TRUE,NA,768,"England",4,"From Throw In",772,"Spain",6655,"Fabián Ruiz Peña",11,"Left Defensive Midfield",11,"Tackle",14,"Lost Out",3943043,"12.5","8.5"
77,40,123,TRUE,NA,772,"Spain",7,"From Goal Kick",772,"Spain",6685,"Mikel Oyarzabal Ugarte",23,"Center Forward",10,"Aerial Lost",NA,NA,3943043,"113.9","33.6"
81,1,129,TRUE,TRUE,772,"Spain",1,"Regular Play",772,"Spain",24921,"Martín Zubimendi Ibáñez",9,"Right Defensive Midfield",11,"Tackle",16,"Success In Play",3943043,"62.9","27.2"
82,9,131,TRUE,TRUE,768,"England",1,"Regular Play",768,"England",3205,"Kyle Walker",2,"Right Back",11,"Tackle",4,"Won",3943043,"20.4","66.8"
82,11,131,TRUE,TRUE,768,"England",1,"Regular Play",772,"Spain",24921,"Martín Zubimendi Ibáñez",9,"Right Defensive Midfield",11,"Tackle",14,"Lost Out",3943043,"92.3","12.2"
84,3,133,TRUE,NA,772,"Spain",1,"Regular Play",768,"England",3382,"Luke Shaw",6,"Left Back",11,"Tackle",13,"Lost In Play",3943043,"18.9","29.1"
84,4,133,TRUE,NA,772,"Spain",1,"Regular Play",768,"England",3943,"Declan Rice",11,"Left Defensive Midfield",11,"Tackle",14,"Lost Out",3943043,"18.7","34.5"
87,44,137,TRUE,NA,768,"England",9,"From Kick Off",772,"Spain",68574,"Nicholas Williams Arthuer",21,"Left Wing",10,"Aerial Lost",NA,NA,3943043,"47","20"
89,15,138,TRUE,NA,768,"England",2,"From Corner",772,"Spain",5721,"Daniel Carvajal Ramos",2,"Right Back",10,"Aerial Lost",NA,NA,3943043,"5.3","44.6"
91,59,143,TRUE,NA,772,"Spain",3,"From Free Kick",772,"Spain",3042,"Mikel Merino Zazón",19,"Center Attacking Midfield",10,"Aerial Lost",NA,NA,3943043,"81.1","32"
92,43,146,TRUE,NA,768,"England",3,"From Free Kick",768,"England",3834,"Ivan Toney",24,"Left Center Forward",10,"Aerial Lost",NA,NA,3943043,"105.8","59"
0,14,3,TRUE,TRUE,772,"Spain",1,"Regular Play",772,"Spain",16532,"Daniel Olmo Carvajal",19,"Center Attacking Midfield",11,"Tackle",16,"Success In Play",3942752,"60.7","9.4"
0,19,4,TRUE,TRUE,771,"France",1,"Regular Play",771,"France",3026,"Adrien Rabiot",15,"Left Center Midfield",11,"Tackle",16,"Success In Play",3942752,"55.4","48.4"
2,51,8,TRUE,NA,771,"France",7,"From Goal Kick",772,"Spain",6765,"Rodrigo Hernández Cascante",9,"Right Defensive Midfield",10,"Aerial Lost",NA,NA,3942752,"72.6","35.6"
3,30,10,TRUE,TRUE,772,"Spain",1,"Regular Play",771,"France",3026,"Adrien Rabiot",15,"Left Center Midfield",11,"Tackle",16,"Success In Play",3942752,"86.7","28.7"
3,37,10,TRUE,NA,772,"Spain",1,"Regular Play",771,"France",3961,"N'Golo Kanté",13,"Right Center Midfield",11,"Tackle",13,"Lost In Play",3942752,"55.4","59.3"
3,47,11,TRUE,TRUE,771,"France",1,"Regular Play",771,"France",4445,"Jules Koundé",2,"Right Back",11,"Tackle",4,"Won",3942752,"40.4","77.3"
5,33,13,TRUE,NA,771,"France",7,"From Goal Kick",772,"Spain",316046,"Lamine Yamal Nasraoui Ebana",17,"Right Wing",11,"Tackle",13,"Lost In Play",3942752,"54.8","66.4"
6,16,15,TRUE,TRUE,771,"France",1,"Regular Play",772,"Spain",17620,"Marc Cucurella Saseta",6,"Left Back",10,"Aerial Lost",NA,NA,3942752,"70.9","10.5"
10,17,18,TRUE,NA,772,"Spain",9,"From Kick Off",772,"Spain",68574,"Nicholas Williams Arthuer",21,"Left Wing",10,"Aerial Lost",NA,NA,3942752,"100.6","22"
16,24,25,TRUE,NA,772,"Spain",4,"From Throw In",771,"France",4445,"Jules Koundé",2,"Right Back",10,"Aerial Lost",NA,NA,3942752,"81.5","78.4"
16,33,25,TRUE,NA,772,"Spain",4,"From Throw In",771,"France",3009,"Kylian Mbappé Lottin",21,"Left Wing",10,"Aerial Lost",NA,NA,3942752,"79.4","44.6"
19,23,31,TRUE,NA,771,"France",4,"From Throw In",772,"Spain",4353,"Aymeric Laporte",5,"Left Center Back",10,"Aerial Lost",NA,NA,3942752,"2.6","20.5"
19,30,32,TRUE,TRUE,772,"Spain",1,"Regular Play",771,"France",6704,"Theo Bernard François Hernández",6,"Left Back",11,"Tackle",14,"Lost Out",3942752,"103.9","7.1"
22,41,36,TRUE,NA,772,"Spain",2,"From Corner",772,"Spain",6765,"Rodrigo Hernández Cascante",9,"Right Defensive Midfield",10,"Aerial Lost",NA,NA,3942752,"107.9","41.6"
23,25,40,TRUE,TRUE,772,"Spain",1,"Regular Play",772,"Spain",68574,"Nicholas Williams Arthuer",21,"Left Wing",11,"Tackle",16,"Success In Play",3942752,"80.9","26.4"
29,54,48,TRUE,NA,772,"Spain",7,"From Goal Kick",771,"France",17592,"William Saliba",5,"Left Center Back",11,"Tackle",13,"Lost In Play",3942752,"18.7","28.7"
29,56,48,TRUE,NA,772,"Spain",7,"From Goal Kick",771,"France",3026,"Adrien Rabiot",15,"Left Center Midfield",11,"Tackle",16,"Success In Play",3942752,"19.2","27.3"
30,6,48,TRUE,NA,772,"Spain",7,"From Goal Kick",772,"Spain",5202,"José Ignacio Fernández Iglesias",3,"Right Center Back",11,"Tackle",16,"Success In Play",3942752,"20.4","58.1"
30,52,49,TRUE,TRUE,771,"France",1,"Regular Play",771,"France",10481,"Aurélien Djani Tchouaméni",10,"Center Defensive Midfield",11,"Tackle",16,"Success In Play",3942752,"14.4","46.8"
36,38,54,TRUE,NA,772,"Spain",2,"From Corner",771,"France",5477,"Ousmane Dembélé",17,"Right Wing",10,"Aerial Lost",NA,NA,3942752,"40.4","55.4"
37,17,55,TRUE,NA,771,"France",7,"From Goal Kick",772,"Spain",6765,"Rodrigo Hernández Cascante",9,"Right Defensive Midfield",11,"Tackle",13,"Lost In Play",3942752,"39.2","56.6"
42,37,63,TRUE,NA,771,"France",1,"Regular Play",772,"Spain",3477,"Álvaro Borja Morata Martín",23,"Center Forward",11,"Tackle",4,"Won",3942752,"25.6","73.8"
43,22,64,TRUE,NA,771,"France",3,"From Free Kick",771,"France",3026,"Adrien Rabiot",15,"Left Center Midfield",10,"Aerial Lost",NA,NA,3942752,"111.9","44.1"
43,25,64,TRUE,NA,771,"France",3,"From Free Kick",771,"France",8519,"Dayotchanculle Upamecano",3,"Right Center Back",10,"Aerial Lost",NA,NA,3942752,"108.1","55.2"
44,42,66,TRUE,NA,772,"Spain",4,"From Throw In",771,"France",10481,"Aurélien Djani Tchouaméni",10,"Center Defensive Midfield",11,"Tackle",13,"Lost In Play",3942752,"46.7","74.3"
45,47,72,TRUE,TRUE,772,"Spain",1,"Regular Play",772,"Spain",316046,"Lamine Yamal Nasraoui Ebana",17,"Right Wing",11,"Tackle",4,"Won",3942752,"8.6","77.9"
49,56,79,TRUE,NA,772,"Spain",4,"From Throw In",771,"France",4445,"Jules Koundé",2,"Right Back",11,"Tackle",14,"Lost Out",3942752,"9.3","73.6"
52,6,84,TRUE,TRUE,771,"France",1,"Regular Play",771,"France",4445,"Jules Koundé",2,"Right Back",11,"Tackle",4,"Won",3942752,"77.5","74.4"
53,27,88,TRUE,TRUE,771,"France",1,"Regular Play",771,"France",6704,"Theo Bernard François Hernández",6,"Left Back",11,"Tackle",4,"Won",3942752,"14.2","12.1"
54,27,90,TRUE,TRUE,772,"Spain",1,"Regular Play",771,"France",6704,"Theo Bernard François Hernández",6,"Left Back",11,"Tackle",14,"Lost Out",3942752,"117.4","2.4"
59,10,99,TRUE,NA,772,"Spain",3,"From Free Kick",771,"France",4445,"Jules Koundé",2,"Right Back",11,"Tackle",4,"Won",3942752,"31.5","71.8"
59,24,99,TRUE,NA,772,"Spain",3,"From Free Kick",771,"France",5477,"Ousmane Dembélé",17,"Right Wing",11,"Tackle",16,"Success In Play",3942752,"52","75.3"
59,39,99,TRUE,NA,772,"Spain",3,"From Free Kick",771,"France",10481,"Aurélien Djani Tchouaméni",10,"Center Defensive Midfield",11,"Tackle",13,"Lost In Play",3942752,"78.3","22.4"
62,25,102,TRUE,NA,771,"France",2,"From Corner",772,"Spain",5202,"José Ignacio Fernández Iglesias",2,"Right Back",10,"Aerial Lost",NA,NA,3942752,"4.7","33.7"
63,49,105,TRUE,NA,772,"Spain",4,"From Throw In",771,"France",24778,"Eduardo Camavinga",11,"Left Defensive Midfield",11,"Tackle",13,"Lost In Play",3942752,"52","60.3"
67,53,110,TRUE,TRUE,771,"France",1,"Regular Play",772,"Spain",316046,"Lamine Yamal Nasraoui Ebana",17,"Right Wing",11,"Tackle",13,"Lost In Play",3942752,"57.2","76.9"
68,19,110,TRUE,NA,771,"France",1,"Regular Play",772,"Spain",3477,"Álvaro Borja Morata Martín",23,"Center Forward",11,"Tackle",13,"Lost In Play",3942752,"26.5","28.8"
69,59,112,TRUE,NA,772,"Spain",4,"From Throw In",772,"Spain",5202,"José Ignacio Fernández Iglesias",2,"Right Back",10,"Aerial Lost",NA,NA,3942752,"67.1","74.3"
70,0,112,TRUE,NA,772,"Spain",4,"From Throw In",772,"Spain",316046,"Lamine Yamal Nasraoui Ebana",17,"Right Wing",10,"Aerial Lost",NA,NA,3942752,"69.3","70.4"
70,13,114,TRUE,TRUE,772,"Spain",1,"Regular Play",771,"France",5477,"Ousmane Dembélé",17,"Right Wing",11,"Tackle",13,"Lost In Play",3942752,"105.4","50.3"
70,59,116,TRUE,TRUE,771,"France",1,"Regular Play",772,"Spain",3477,"Álvaro Borja Morata Martín",23,"Center Forward",11,"Tackle",14,"Lost Out",3942752,"71.1","3.5"
72,16,118,TRUE,NA,771,"France",4,"From Throw In",772,"Spain",17620,"Marc Cucurella Saseta",6,"Left Back",11,"Tackle",16,"Success In Play",3942752,"10.4","30.5"
72,53,119,TRUE,NA,771,"France",2,"From Corner",771,"France",8519,"Dayotchanculle Upamecano",3,"Right Center Back",10,"Aerial Lost",NA,NA,3942752,"108","31"
72,56,119,TRUE,NA,771,"France",2,"From Corner",772,"Spain",316046,"Lamine Yamal Nasraoui Ebana",17,"Right Wing",10,"Aerial Lost",NA,NA,3942752,"20.4","33.8"
76,16,122,TRUE,NA,772,"Spain",7,"From Goal Kick",772,"Spain",6685,"Mikel Oyarzabal Ugarte",23,"Center Forward",10,"Aerial Lost",NA,NA,3942752,"64.7","26.9"
77,23,123,TRUE,NA,772,"Spain",7,"From Goal Kick",771,"France",10481,"Aurélien Djani Tchouaméni",9,"Right Defensive Midfield",10,"Aerial Lost",NA,NA,3942752,"41.3","70.9"
77,25,123,TRUE,NA,772,"Spain",7,"From Goal Kick",771,"France",4445,"Jules Koundé",2,"Right Back",10,"Aerial Lost",NA,NA,3942752,"28.4","68.4"
77,26,123,TRUE,NA,772,"Spain",7,"From Goal Kick",771,"France",8519,"Dayotchanculle Upamecano",3,"Right Center Back",10,"Aerial Lost",NA,NA,3942752,"17.3","64.1"
77,29,124,TRUE,TRUE,771,"France",1,"Regular Play",771,"France",8519,"Dayotchanculle Upamecano",3,"Right Center Back",11,"Tackle",16,"Success In Play",3942752,"20.9","65.3"
78,42,126,TRUE,NA,772,"Spain",4,"From Throw In",771,"France",6704,"Theo Bernard François Hernández",6,"Left Back",10,"Aerial Lost",NA,NA,3942752,"88.4","3.4"
78,43,126,TRUE,NA,772,"Spain",4,"From Throw In",771,"France",3604,"Olivier Giroud",22,"Right Center Forward",11,"Tackle",13,"Lost In Play",3942752,"91.9","7.1"
90,48,146,TRUE,NA,771,"France",3,"From Free Kick",772,"Spain",3042,"Mikel Merino Zazón",19,"Center Attacking Midfield",10,"Aerial Lost",NA,NA,3942752,"8.8","54.2"
91,42,147,TRUE,NA,772,"Spain",7,"From Goal Kick",772,"Spain",3042,"Mikel Merino Zazón",19,"Center Attacking Midfield",10,"Aerial Lost",NA,NA,3942752,"75.8","61.3"
92,28,149,TRUE,NA,772,"Spain",1,"Regular Play",771,"France",17592,"William Saliba",5,"Left Center Back",11,"Tackle",14,"Lost Out",3942752,"57.4","2.2"
93,35,150,TRUE,TRUE,772,"Spain",4,"From Throw In",772,"Spain",24921,"Martín Zubimendi Ibáñez",13,"Right Center Midfield",11,"Tackle",16,"Success In Play",3942752,"58.5","74.8"
94,11,150,TRUE,NA,772,"Spain",4,"From Throw In",772,"Spain",17620,"Marc Cucurella Saseta",6,"Left Back",10,"Aerial Lost",NA,NA,3942752,"51.5","6.5"
94,39,151,TRUE,NA,771,"France",4,"From Throw In",772,"Spain",17620,"Marc Cucurella Saseta",6,"Left Back",10,"Aerial Lost",NA,NA,3942752,"10.3","33.2"
95,16,152,TRUE,NA,772,"Spain",7,"From Goal Kick",772,"Spain",3042,"Mikel Merino Zazón",21,"Left Wing",10,"Aerial Lost",NA,NA,3942752,"74","5.1"
0,9,2,TRUE,NA,770,"Germany",9,"From Kick Off",770,"Germany",3053,"Leroy Sané",17,"Right Wing",10,"Aerial Lost",NA,NA,3942226,"88.8","40.1"
2,52,8,TRUE,NA,770,"Germany",4,"From Throw In",772,"Spain",4353,"Aymeric Laporte",5,"Left Center Back",10,"Aerial Lost",NA,NA,3942226,"54.1","6.3"
8,23,13,TRUE,TRUE,770,"Germany",4,"From Throw In",770,"Germany",3167,"Antonio Rüdiger",3,"Right Center Back",10,"Aerial Lost",NA,NA,3942226,"52","64.2"
8,56,13,TRUE,TRUE,770,"Germany",4,"From Throw In",770,"Germany",3493,"Emre Can",9,"Right Defensive Midfield",11,"Tackle",16,"Success In Play",3942226,"35.3","75.6"
12,42,18,TRUE,TRUE,772,"Spain",1,"Regular Play",772,"Spain",316046,"Lamine Yamal Nasraoui Ebana",17,"Right Wing",11,"Tackle",4,"Won",3942226,"64.3","62.4"
14,46,21,TRUE,TRUE,772,"Spain",1,"Regular Play",772,"Spain",3477,"Álvaro Borja Morata Martín",23,"Center Forward",11,"Tackle",16,"Success In Play",3942226,"32.5","45.2"
15,17,21,TRUE,NA,772,"Spain",1,"Regular Play",770,"Germany",8966,"Kai Havertz",23,"Center Forward",10,"Aerial Lost",NA,NA,3942226,"53.6","58.6"
15,21,21,TRUE,NA,772,"Spain",1,"Regular Play",770,"Germany",10287,"İlkay Gündoğan",19,"Center Attacking Midfield",11,"Tackle",13,"Lost In Play",3942226,"40.5","34.3"
15,23,21,TRUE,NA,772,"Spain",1,"Regular Play",770,"Germany",12034,"David Raum",6,"Left Back",11,"Tackle",16,"Success In Play",3942226,"37.4","19.2"
15,29,22,TRUE,TRUE,770,"Germany",1,"Regular Play",770,"Germany",12034,"David Raum",6,"Left Back",11,"Tackle",16,"Success In Play",3942226,"30.2","2.6"
16,49,24,TRUE,NA,770,"Germany",7,"From Goal Kick",772,"Spain",3477,"Álvaro Borja Morata Martín",23,"Center Forward",10,"Aerial Lost",NA,NA,3942226,"84.5","26.3"
19,41,27,TRUE,NA,770,"Germany",1,"Regular Play",772,"Spain",6765,"Rodrigo Hernández Cascante",10,"Center Defensive Midfield",11,"Tackle",13,"Lost In Play",3942226,"30.6","41.4"
20,10,27,TRUE,NA,770,"Germany",1,"Regular Play",772,"Spain",22128,"Robin Aime Robert Le Normand",3,"Right Center Back",10,"Aerial Lost",NA,NA,3942226,"9.7","40.1"
20,58,30,TRUE,TRUE,772,"Spain",1,"Regular Play",772,"Spain",6765,"Rodrigo Hernández Cascante",10,"Center Defensive Midfield",11,"Tackle",4,"Won",3942226,"46.8","70.7"
23,33,35,TRUE,NA,772,"Spain",4,"From Throw In",770,"Germany",3167,"Antonio Rüdiger",3,"Right Center Back",10,"Aerial Lost",NA,NA,3942226,"64.9","69"
24,39,37,TRUE,NA,770,"Germany",3,"From Free Kick",772,"Spain",5721,"Daniel Carvajal Ramos",2,"Right Back",10,"Aerial Lost",NA,NA,3942226,"10.9","47.2"
28,4,41,TRUE,NA,772,"Spain",3,"From Free Kick",772,"Spain",4353,"Aymeric Laporte",5,"Left Center Back",10,"Aerial Lost",NA,NA,3942226,"113.5","38.9"
28,5,41,TRUE,NA,772,"Spain",3,"From Free Kick",772,"Spain",22128,"Robin Aime Robert Le Normand",3,"Right Center Back",10,"Aerial Lost",NA,NA,3942226,"108.9","48.2"
32,1,47,TRUE,NA,770,"Germany",1,"Regular Play",772,"Spain",5721,"Daniel Carvajal Ramos",2,"Right Back",11,"Tackle",13,"Lost In Play",3942226,"84.8","39.2"
36,44,54,TRUE,NA,772,"Spain",1,"Regular Play",772,"Spain",3477,"Álvaro Borja Morata Martín",23,"Center Forward",10,"Aerial Lost",NA,NA,3942226,"73.6","56"
37,23,57,TRUE,NA,772,"Spain",4,"From Throw In",770,"Germany",5574,"Toni Kroos",11,"Left Defensive Midfield",11,"Tackle",13,"Lost In Play",3942226,"55.9","23.7"
38,37,57,TRUE,NA,772,"Spain",4,"From Throw In",770,"Germany",5579,"Joshua Kimmich",2,"Right Back",11,"Tackle",16,"Success In Play",3942226,"20.8","63.9"
39,52,60,TRUE,TRUE,772,"Spain",1,"Regular Play",770,"Germany",8221,"Jonathan Tah",5,"Left Center Back",11,"Tackle",13,"Lost In Play",3942226,"64.9","8.3"
42,36,64,TRUE,NA,770,"Germany",1,"Regular Play",772,"Spain",6765,"Rodrigo Hernández Cascante",10,"Center Defensive Midfield",11,"Tackle",4,"Won",3942226,"70","15.3"
43,21,65,TRUE,NA,770,"Germany",4,"From Throw In",770,"Germany",8966,"Kai Havertz",23,"Center Forward",10,"Aerial Lost",NA,NA,3942226,"30.2","2.8"
44,1,66,TRUE,NA,772,"Spain",1,"Regular Play",770,"Germany",12034,"David Raum",6,"Left Back",10,"Aerial Lost",NA,NA,3942226,"36.2","7.5"
44,7,66,TRUE,NA,772,"Spain",1,"Regular Play",770,"Germany",5574,"Toni Kroos",11,"Left Defensive Midfield",11,"Tackle",16,"Success In Play",3942226,"21.4","13.8"
46,17,75,TRUE,TRUE,772,"Spain",3,"From Free Kick",772,"Spain",6655,"Fabián Ruiz Peña",15,"Left Center Midfield",10,"Aerial Lost",NA,NA,3942226,"71.2","45.7"
53,7,85,TRUE,TRUE,770,"Germany",9,"From Kick Off",770,"Germany",12034,"David Raum",6,"Left Back",11,"Tackle",16,"Success In Play",3942226,"95.2","19.4"
59,28,96,TRUE,TRUE,770,"Germany",4,"From Throw In",770,"Germany",12407,"Maximilian Mittelstädt",6,"Left Back",11,"Tackle",4,"Won",3942226,"110.6","13.2"
61,8,98,TRUE,TRUE,772,"Spain",7,"From Goal Kick",772,"Spain",5721,"Daniel Carvajal Ramos",2,"Right Back",10,"Aerial Lost",NA,NA,3942226,"28.2","61.1"
63,7,101,TRUE,NA,770,"Germany",2,"From Corner",772,"Spain",4353,"Aymeric Laporte",5,"Left Center Back",10,"Aerial Lost",NA,NA,3942226,"8.3","33.1"
64,25,106,TRUE,TRUE,770,"Germany",1,"Regular Play",772,"Spain",5721,"Daniel Carvajal Ramos",2,"Right Back",11,"Tackle",13,"Lost In Play",3942226,"42","57.5"
66,28,111,TRUE,NA,772,"Spain",8,"From Keeper",770,"Germany",8221,"Jonathan Tah",5,"Left Center Back",10,"Aerial Lost",NA,NA,3942226,"68.7","41"
67,22,112,TRUE,NA,772,"Spain",3,"From Free Kick",770,"Germany",12407,"Maximilian Mittelstädt",6,"Left Back",10,"Aerial Lost",NA,NA,3942226,"8.6","29.8"
68,33,115,TRUE,TRUE,770,"Germany",1,"Regular Play",770,"Germany",3167,"Antonio Rüdiger",3,"Right Center Back",11,"Tackle",16,"Success In Play",3942226,"12.2","60.4"
68,58,115,TRUE,NA,770,"Germany",1,"Regular Play",772,"Spain",17620,"Marc Cucurella Saseta",6,"Left Back",10,"Aerial Lost",NA,NA,3942226,"8","29.5"
71,41,119,TRUE,NA,770,"Germany",1,"Regular Play",772,"Spain",5202,"José Ignacio Fernández Iglesias",3,"Right Center Back",10,"Aerial Lost",NA,NA,3942226,"9.4","40.8"
72,14,120,TRUE,NA,772,"Spain",7,"From Goal Kick",772,"Spain",3477,"Álvaro Borja Morata Martín",23,"Center Forward",10,"Aerial Lost",NA,NA,3942226,"53.2","14.9"
72,22,122,TRUE,TRUE,772,"Spain",1,"Regular Play",772,"Spain",6765,"Rodrigo Hernández Cascante",10,"Center Defensive Midfield",11,"Tackle",16,"Success In Play",3942226,"23.1","47.9"
73,44,123,TRUE,NA,772,"Spain",3,"From Free Kick",772,"Spain",3477,"Álvaro Borja Morata Martín",23,"Center Forward",10,"Aerial Lost",NA,NA,3942226,"111","41"
76,27,128,TRUE,NA,772,"Spain",1,"Regular Play",770,"Germany",8221,"Jonathan Tah",5,"Left Center Back",11,"Tackle",14,"Lost Out",3942226,"63.4","5.1"
77,57,131,TRUE,TRUE,772,"Spain",1,"Regular Play",772,"Spain",6655,"Fabián Ruiz Peña",15,"Left Center Midfield",11,"Tackle",4,"Won",3942226,"18.6","20.8"
80,2,132,TRUE,NA,772,"Spain",4,"From Throw In",770,"Germany",5579,"Joshua Kimmich",2,"Right Back",11,"Tackle",16,"Success In Play",3942226,"15.5","41.3"
82,30,135,TRUE,NA,772,"Spain",7,"From Goal Kick",770,"Germany",5562,"Thomas Müller",19,"Center Attacking Midfield",10,"Aerial Lost",NA,NA,3942226,"41.6","15.6"
86,19,143,TRUE,TRUE,770,"Germany",1,"Regular Play",770,"Germany",9195,"Robert Andrich",5,"Left Center Back",11,"Tackle",4,"Won",3942226,"35.9","54.9"
87,36,145,TRUE,NA,770,"Germany",4,"From Throw In",772,"Spain",5721,"Daniel Carvajal Ramos",2,"Right Back",10,"Aerial Lost",NA,NA,3942226,"19.8","47.7"
88,20,146,TRUE,NA,770,"Germany",4,"From Throw In",772,"Spain",17620,"Marc Cucurella Saseta",6,"Left Back",10,"Aerial Lost",NA,NA,3942226,"3.8","31.9"
90,0,148,TRUE,TRUE,770,"Germany",6,"From Counter",770,"Germany",40724,"Florian Wirtz",13,"Right Center Midfield",11,"Tackle",4,"Won",3942226,"51.3","77.5"
90,5,149,TRUE,TRUE,772,"Spain",1,"Regular Play",772,"Spain",4353,"Aymeric Laporte",5,"Left Center Back",11,"Tackle",16,"Success In Play",3942226,"33.4","5.3"
90,29,149,TRUE,NA,772,"Spain",1,"Regular Play",770,"Germany",5562,"Thomas Müller",19,"Center Attacking Midfield",11,"Tackle",17,"Success Out",3942226,"12.9","11.4"
91,26,153,TRUE,TRUE,772,"Spain",1,"Regular Play",770,"Germany",8966,"Kai Havertz",22,"Right Center Forward",11,"Tackle",13,"Lost In Play",3942226,"40.4","58.9"
91,33,154,TRUE,TRUE,770,"Germany",1,"Regular Play",770,"Germany",5574,"Toni Kroos",10,"Center Defensive Midfield",11,"Tackle",16,"Success In Play",3942226,"24.2","41.3"
90,24,159,TRUE,NA,772,"Spain",9,"From Kick Off",770,"Germany",12407,"Maximilian Mittelstädt",6,"Left Back",10,"Aerial Lost",NA,NA,3942226,"13.5","36.9"
92,11,165,TRUE,TRUE,770,"Germany",1,"Regular Play",770,"Germany",40724,"Florian Wirtz",12,"Right Midfield",11,"Tackle",4,"Won",3942226,"86","41"
97,9,171,TRUE,NA,770,"Germany",1,"Regular Play",772,"Spain",17620,"Marc Cucurella Saseta",6,"Left Back",11,"Tackle",14,"Lost Out",3942226,"42","4.2"
97,18,172,TRUE,NA,770,"Germany",4,"From Throw In",770,"Germany",5562,"Thomas Müller",24,"Left Center Forward",10,"Aerial Lost",NA,NA,3942226,"88.3","56"
99,30,175,TRUE,NA,770,"Germany",1,"Regular Play",772,"Spain",5721,"Daniel Carvajal Ramos",2,"Right Back",11,"Tackle",13,"Lost In Play",3942226,"61.4","67.9"
102,28,177,TRUE,NA,772,"Spain",7,"From Goal Kick",770,"Germany",9195,"Robert Andrich",9,"Right Defensive Midfield",10,"Aerial Lost",NA,NA,3942226,"57.1","64.9"
105,54,182,TRUE,NA,772,"Spain",7,"From Goal Kick",770,"Germany",40724,"Florian Wirtz",12,"Right Midfield",10,"Aerial Lost",NA,NA,3942226,"47.7","57.5"
105,56,182,TRUE,NA,772,"Spain",7,"From Goal Kick",770,"Germany",5574,"Toni Kroos",11,"Left Defensive Midfield",10,"Aerial Lost",NA,NA,3942226,"41.6","43.5"
105,22,185,TRUE,TRUE,770,"Germany",1,"Regular Play",770,"Germany",5574,"Toni Kroos",11,"Left Defensive Midfield",11,"Tackle",16,"Success In Play",3942226,"56.3","18.4"
111,11,193,TRUE,NA,772,"Spain",3,"From Free Kick",770,"Germany",5574,"Toni Kroos",11,"Left Defensive Midfield",11,"Tackle",13,"Lost In Play",3942226,"23.3","45"
114,1,198,TRUE,NA,772,"Spain",1,"Regular Play",770,"Germany",5562,"Thomas Müller",24,"Left Center Forward",11,"Tackle",13,"Lost In Play",3942226,"70","5.1"
116,19,201,TRUE,NA,770,"Germany",1,"Regular Play",772,"Spain",5202,"José Ignacio Fernández Iglesias",3,"Right Center Back",10,"Aerial Lost",NA,NA,3942226,"11.7","36.7"
118,34,205,TRUE,NA,772,"Spain",4,"From Throw In",770,"Germany",39565,"Jamal Musiala",16,"Left Midfield",10,"Aerial Lost",NA,NA,3942226,"29.8","5.5"
118,42,205,TRUE,NA,772,"Spain",4,"From Throw In",770,"Germany",12407,"Maximilian Mittelstädt",6,"Left Back",11,"Tackle",13,"Lost In Play",3942226,"19.3","7.5"
121,20,206,TRUE,NA,770,"Germany",9,"From Kick Off",770,"Germany",3167,"Antonio Rüdiger",3,"Right Center Back",10,"Aerial Lost",NA,NA,3942226,"88","23"
0,51,3,TRUE,TRUE,2138,"Georgia",1,"Regular Play",772,"Spain",3477,"Álvaro Borja Morata Martín",23,"Center Forward",11,"Tackle",13,"Lost In Play",3941018,"108.8","36.7"
1,45,4,TRUE,NA,772,"Spain",1,"Regular Play",2138,"Georgia",7655,"Lasha Dvali",5,"Left Center Back",11,"Tackle",13,"Lost In Play",3941018,"16.5","25.6"
2,3,4,TRUE,NA,772,"Spain",1,"Regular Play",2138,"Georgia",11335,"Otar Kiteishvili",10,"Center Defensive Midfield",11,"Tackle",16,"Success In Play",3941018,"37.1","56.9"
5,21,10,TRUE,NA,772,"Spain",1,"Regular Play",2138,"Georgia",41202,"Giorgi Kochorashvili",15,"Left Center Midfield",10,"Aerial Lost",NA,NA,3941018,"9.2","47.2"
5,43,10,TRUE,NA,772,"Spain",1,"Regular Play",2138,"Georgia",25036,"Otar Kakabadze",7,"Right Wing Back",11,"Tackle",13,"Lost In Play",3941018,"17.8","70.8"
6,44,12,TRUE,TRUE,772,"Spain",1,"Regular Play",772,"Spain",17620,"Marc Cucurella Saseta",6,"Left Back",11,"Tackle",4,"Won",3941018,"16.5","4.7"
8,16,14,TRUE,NA,772,"Spain",2,"From Corner",772,"Spain",5721,"Daniel Carvajal Ramos",2,"Right Back",10,"Aerial Lost",NA,NA,3941018,"111.6","40.3"
12,2,18,TRUE,NA,772,"Spain",2,"From Corner",2138,"Georgia",33234,"Georges Mikautadze",22,"Right Center Forward",10,"Aerial Lost",NA,NA,3941018,"40","20.1"
12,50,18,TRUE,NA,772,"Spain",2,"From Corner",772,"Spain",68574,"Nicholas Williams Arthuer",21,"Left Wing",10,"Aerial Lost",NA,NA,3941018,"115.6","26.9"
15,17,21,TRUE,NA,772,"Spain",1,"Regular Play",2138,"Georgia",48178,"Luka Lochoshvili",8,"Left Wing Back",11,"Tackle",14,"Lost Out",3941018,"3.1","9.4"
15,41,22,TRUE,NA,772,"Spain",2,"From Corner",2138,"Georgia",7655,"Lasha Dvali",5,"Left Center Back",10,"Aerial Lost",NA,NA,3941018,"8.3","45.5"
19,7,28,TRUE,NA,772,"Spain",1,"Regular Play",2138,"Georgia",41202,"Giorgi Kochorashvili",13,"Right Center Midfield",11,"Tackle",4,"Won",3941018,"39.6","54.6"
19,14,28,TRUE,TRUE,772,"Spain",1,"Regular Play",772,"Spain",22128,"Robin Aime Robert Le Normand",3,"Right Center Back",11,"Tackle",4,"Won",3941018,"33.9","54.3"
19,34,28,TRUE,NA,772,"Spain",1,"Regular Play",2138,"Georgia",7655,"Lasha Dvali",5,"Left Center Back",11,"Tackle",13,"Lost In Play",3941018,"16.2","41.2"
20,22,29,TRUE,TRUE,2138,"Georgia",1,"Regular Play",2138,"Georgia",11335,"Otar Kiteishvili",10,"Center Defensive Midfield",11,"Tackle",16,"Success In Play",3941018,"24.3","22.4"
20,28,29,TRUE,NA,2138,"Georgia",1,"Regular Play",772,"Spain",17620,"Marc Cucurella Saseta",6,"Left Back",11,"Tackle",13,"Lost In Play",3941018,"77.6","27.2"
20,42,29,TRUE,NA,2138,"Georgia",1,"Regular Play",772,"Spain",17620,"Marc Cucurella Saseta",6,"Left Back",11,"Tackle",16,"Success In Play",3941018,"80.7","15.1"
21,55,33,TRUE,NA,772,"Spain",1,"Regular Play",2138,"Georgia",23646,"Giorgi Chakvetadze",15,"Left Center Midfield",11,"Tackle",16,"Success In Play",3941018,"24","39.7"
22,46,33,TRUE,NA,772,"Spain",1,"Regular Play",2138,"Georgia",7655,"Lasha Dvali",5,"Left Center Back",11,"Tackle",16,"Success In Play",3941018,"13.9","23.5"
24,8,36,TRUE,TRUE,772,"Spain",1,"Regular Play",772,"Spain",17620,"Marc Cucurella Saseta",6,"Left Back",11,"Tackle",16,"Success In Play",3941018,"25.1","32.1"
24,24,36,TRUE,NA,772,"Spain",1,"Regular Play",2138,"Georgia",23646,"Giorgi Chakvetadze",15,"Left Center Midfield",11,"Tackle",13,"Lost In Play",3941018,"20.9","13.6"
24,27,36,TRUE,NA,772,"Spain",1,"Regular Play",2138,"Georgia",23646,"Giorgi Chakvetadze",15,"Left Center Midfield",11,"Tackle",14,"Lost Out",3941018,"10.4","4.8"
24,37,37,TRUE,TRUE,772,"Spain",4,"From Throw In",772,"Spain",6765,"Rodrigo Hernández Cascante",10,"Center Defensive Midfield",11,"Tackle",16,"Success In Play",3941018,"96.4","62.5"
26,5,38,TRUE,NA,2138,"Georgia",3,"From Free Kick",2138,"Georgia",25036,"Otar Kakabadze",7,"Right Wing Back",10,"Aerial Lost",NA,NA,3941018,"77.2","65.9"
26,35,39,TRUE,NA,772,"Spain",1,"Regular Play",772,"Spain",3477,"Álvaro Borja Morata Martín",23,"Center Forward",10,"Aerial Lost",NA,NA,3941018,"104.6","38"
27,15,41,TRUE,TRUE,772,"Spain",1,"Regular Play",772,"Spain",6765,"Rodrigo Hernández Cascante",10,"Center Defensive Midfield",11,"Tackle",16,"Success In Play",3941018,"64.2","27.9"
28,4,44,TRUE,NA,2138,"Georgia",1,"Regular Play",772,"Spain",30486,"Pedro González López",13,"Right Center Midfield",11,"Tackle",17,"Success Out",3941018,"44.9","76.4"
29,20,48,TRUE,NA,772,"Spain",1,"Regular Play",2138,"Georgia",11335,"Otar Kiteishvili",10,"Center Defensive Midfield",11,"Tackle",4,"Won",3941018,"34.5","25.8"
32,52,56,TRUE,NA,2138,"Georgia",1,"Regular Play",772,"Spain",5721,"Daniel Carvajal Ramos",2,"Right Back",10,"Aerial Lost",NA,NA,3941018,"90","73.5"
36,59,63,TRUE,NA,2138,"Georgia",7,"From Goal Kick",2138,"Georgia",48178,"Luka Lochoshvili",8,"Left Wing Back",10,"Aerial Lost",NA,NA,3941018,"73","24.5"
41,18,66,TRUE,NA,772,"Spain",7,"From Goal Kick",2138,"Georgia",25036,"Otar Kakabadze",7,"Right Wing Back",11,"Tackle",13,"Lost In Play",3941018,"14.6","68.5"
44,10,72,TRUE,TRUE,2138,"Georgia",3,"From Free Kick",2138,"Georgia",7655,"Lasha Dvali",5,"Left Center Back",10,"Aerial Lost",NA,NA,3941018,"37.9","17.6"
46,37,81,TRUE,TRUE,772,"Spain",4,"From Throw In",772,"Spain",4353,"Aymeric Laporte",5,"Left Center Back",11,"Tackle",4,"Won",3941018,"32.2","24.3"
53,56,90,TRUE,TRUE,772,"Spain",1,"Regular Play",772,"Spain",68574,"Nicholas Williams Arthuer",21,"Left Wing",11,"Tackle",16,"Success In Play",3941018,"95.3","26.7"
55,7,91,TRUE,NA,2138,"Georgia",7,"From Goal Kick",772,"Spain",17620,"Marc Cucurella Saseta",6,"Left Back",10,"Aerial Lost",NA,NA,3941018,"60.4","7.6"
56,1,92,TRUE,TRUE,772,"Spain",4,"From Throw In",772,"Spain",6765,"Rodrigo Hernández Cascante",10,"Center Defensive Midfield",11,"Tackle",16,"Success In Play",3941018,"35.9","44"
58,43,94,TRUE,NA,772,"Spain",4,"From Throw In",2138,"Georgia",48178,"Luka Lochoshvili",8,"Left Wing Back",11,"Tackle",14,"Lost Out",3941018,"9","12.4"
59,20,95,TRUE,NA,772,"Spain",2,"From Corner",2138,"Georgia",33234,"Georges Mikautadze",22,"Right Center Forward",10,"Aerial Lost",NA,NA,3941018,"70","17.6"
61,1,97,TRUE,TRUE,772,"Spain",1,"Regular Play",772,"Spain",22128,"Robin Aime Robert Le Normand",3,"Right Center Back",11,"Tackle",4,"Won",3941018,"59.3","59.8"
63,15,100,TRUE,NA,2138,"Georgia",7,"From Goal Kick",2138,"Georgia",25036,"Otar Kakabadze",7,"Right Wing Back",10,"Aerial Lost",NA,NA,3941018,"64.9","68.7"
64,16,101,TRUE,NA,772,"Spain",1,"Regular Play",2138,"Georgia",398886,"Giorgi Gvelesiani",3,"Right Center Back",11,"Tackle",14,"Lost Out",3941018,"4.4","66.8"
66,33,104,TRUE,NA,2138,"Georgia",7,"From Goal Kick",772,"Spain",5721,"Daniel Carvajal Ramos",2,"Right Back",10,"Aerial Lost",NA,NA,3941018,"72.4","62.5"
69,54,109,TRUE,NA,2138,"Georgia",3,"From Free Kick",772,"Spain",22128,"Robin Aime Robert Le Normand",3,"Right Center Back",11,"Tackle",13,"Lost In Play",3941018,"15.1","63.4"
74,15,115,TRUE,TRUE,2138,"Georgia",3,"From Free Kick",2138,"Georgia",38229,"Khvicha Kvaratskhelia",24,"Left Center Forward",11,"Tackle",4,"Won",3941018,"50.6","26.3"
74,17,115,TRUE,NA,2138,"Georgia",3,"From Free Kick",772,"Spain",6765,"Rodrigo Hernández Cascante",10,"Center Defensive Midfield",11,"Tackle",13,"Lost In Play",3941018,"56.9","46.8"
74,23,115,TRUE,NA,2138,"Georgia",3,"From Free Kick",772,"Spain",22128,"Robin Aime Robert Le Normand",3,"Right Center Back",11,"Tackle",16,"Success In Play",3941018,"25.2","58.8"
82,31,128,TRUE,NA,772,"Spain",1,"Regular Play",2138,"Georgia",46802,"Nika Kvekveskiri",10,"Center Defensive Midfield",10,"Aerial Lost",NA,NA,3941018,"30.3","53"
87,16,134,TRUE,NA,2138,"Georgia",2,"From Corner",2138,"Georgia",7839,"Guram Kashia",4,"Center Back",10,"Aerial Lost",NA,NA,3941018,"112.3","40.2"
90,31,140,TRUE,NA,772,"Spain",4,"From Throw In",2138,"Georgia",22242,"Heorhii Tsitaishvili",8,"Left Wing Back",11,"Tackle",16,"Success In Play",3941018,"9.9","18.9"
91,4,141,TRUE,NA,2138,"Georgia",3,"From Free Kick",2138,"Georgia",102372,"Budu Zivzivadze",22,"Right Center Forward",10,"Aerial Lost",NA,NA,3941018,"81.1","6.2"
91,8,142,TRUE,TRUE,772,"Spain",1,"Regular Play",772,"Spain",3042,"Mikel Merino Zazón",11,"Left Defensive Midfield",11,"Tackle",4,"Won",3941018,"58.9","61.1"
0,5,2,TRUE,NA,906,"Albania",9,"From Kick Off",772,"Spain",6821,"Jesús Navas González",2,"Right Back",10,"Aerial Lost",NA,NA,3930179,"28.8","77.8"
1,24,5,TRUE,NA,906,"Albania",1,"Regular Play",906,"Albania",41186,"Jasir Asani",17,"Right Wing",10,"Aerial Lost",NA,NA,3930179,"114.1","40.6"
3,12,7,TRUE,NA,906,"Albania",4,"From Throw In",772,"Spain",6748,"Ferrán Torres García",17,"Right Wing",11,"Tackle",14,"Lost Out",3930179,"70.9","78"
3,51,9,TRUE,NA,906,"Albania",4,"From Throw In",772,"Spain",6821,"Jesús Navas González",2,"Right Back",11,"Tackle",16,"Success In Play",3930179,"24","61.8"
6,12,14,TRUE,TRUE,906,"Albania",1,"Regular Play",906,"Albania",24438,"Ylber Ramadani",9,"Right Defensive Midfield",11,"Tackle",16,"Success In Play",3930179,"24.5","20.8"
8,52,17,TRUE,NA,906,"Albania",3,"From Free Kick",772,"Spain",4353,"Aymeric Laporte",5,"Left Center Back",11,"Tackle",13,"Lost In Play",3930179,"67.4","12.3"
11,4,20,TRUE,NA,772,"Spain",1,"Regular Play",906,"Albania",49097,"Mario Mitaj",6,"Left Back",11,"Tackle",13,"Lost In Play",3930179,"22.2","4.8"
15,46,28,TRUE,TRUE,906,"Albania",1,"Regular Play",906,"Albania",41186,"Jasir Asani",17,"Right Wing",11,"Tackle",4,"Won",3930179,"44.4","76.1"
20,46,37,TRUE,TRUE,772,"Spain",1,"Regular Play",772,"Spain",3042,"Mikel Merino Zazón",11,"Left Defensive Midfield",11,"Tackle",16,"Success In Play",3930179,"66.3","48.2"
21,55,39,TRUE,TRUE,772,"Spain",1,"Regular Play",772,"Spain",3042,"Mikel Merino Zazón",11,"Left Defensive Midfield",11,"Tackle",16,"Success In Play",3930179,"47.7","72.9"
23,22,41,TRUE,NA,906,"Albania",3,"From Free Kick",772,"Spain",41542,"Daniel Vivian Moreno",3,"Right Center Back",11,"Tackle",4,"Won",3930179,"3.2","64.3"
23,27,41,TRUE,TRUE,906,"Albania",3,"From Free Kick",906,"Albania",7108,"Berat Djimsiti",5,"Left Center Back",10,"Aerial Lost",NA,NA,3930179,"84.7","6.7"
25,24,45,TRUE,NA,772,"Spain",2,"From Corner",906,"Albania",7531,"Qazim Laçi",19,"Center Attacking Midfield",10,"Aerial Lost",NA,NA,3930179,"10.4","39.5"
25,28,45,TRUE,NA,772,"Spain",2,"From Corner",772,"Spain",41542,"Daniel Vivian Moreno",3,"Right Center Back",10,"Aerial Lost",NA,NA,3930179,"101.3","41.1"
26,52,47,TRUE,NA,906,"Albania",4,"From Throw In",772,"Spain",4353,"Aymeric Laporte",5,"Left Center Back",10,"Aerial Lost",NA,NA,3930179,"63.8","5.2"
27,20,49,TRUE,NA,772,"Spain",1,"Regular Play",772,"Spain",3265,"José Luis Sanmartín Mato",23,"Center Forward",10,"Aerial Lost",NA,NA,3930179,"50.1","14.9"
27,34,50,TRUE,TRUE,906,"Albania",1,"Regular Play",906,"Albania",49097,"Mario Mitaj",6,"Left Back",11,"Tackle",4,"Won",3930179,"25.1","17.5"
30,49,54,TRUE,NA,906,"Albania",4,"From Throw In",772,"Spain",6821,"Jesús Navas González",2,"Right Back",11,"Tackle",14,"Lost Out",3930179,"21.7","78.2"
32,8,57,TRUE,TRUE,772,"Spain",4,"From Throw In",772,"Spain",3042,"Mikel Merino Zazón",11,"Left Defensive Midfield",11,"Tackle",16,"Success In Play",3930179,"101.3","24.7"
32,34,57,TRUE,NA,772,"Spain",4,"From Throw In",772,"Spain",3265,"José Luis Sanmartín Mato",23,"Center Forward",10,"Aerial Lost",NA,NA,3930179,"113.6","39.7"
37,42,64,TRUE,NA,772,"Spain",4,"From Throw In",906,"Albania",23987,"Rey Manaj",23,"Center Forward",10,"Aerial Lost",NA,NA,3930179,"97.6","15"
38,27,64,TRUE,NA,772,"Spain",4,"From Throw In",906,"Albania",49097,"Mario Mitaj",6,"Left Back",11,"Tackle",4,"Won",3930179,"9.3","26.1"
38,43,64,TRUE,NA,772,"Spain",4,"From Throw In",772,"Spain",24921,"Martín Zubimendi Ibáñez",9,"Right Defensive Midfield",11,"Tackle",16,"Success In Play",3930179,"28.9","63.1"
41,21,67,TRUE,NA,772,"Spain",1,"Regular Play",772,"Spain",3265,"José Luis Sanmartín Mato",23,"Center Forward",10,"Aerial Lost",NA,NA,3930179,"75.5","22.5"
42,14,69,TRUE,NA,772,"Spain",1,"Regular Play",772,"Spain",3265,"José Luis Sanmartín Mato",23,"Center Forward",10,"Aerial Lost",NA,NA,3930179,"112.4","40.1"
44,38,71,TRUE,NA,906,"Albania",7,"From Goal Kick",906,"Albania",8291,"Arlind Afrim Ajeti",3,"Right Center Back",10,"Aerial Lost",NA,NA,3930179,"95.2","19.7"
45,11,73,TRUE,NA,772,"Spain",8,"From Keeper",772,"Spain",6821,"Jesús Navas González",2,"Right Back",10,"Aerial Lost",NA,NA,3930179,"37.6","66.7"
45,54,74,TRUE,NA,906,"Albania",7,"From Goal Kick",906,"Albania",7531,"Qazim Laçi",19,"Center Attacking Midfield",10,"Aerial Lost",NA,NA,3930179,"63.9","39.8"
47,12,77,TRUE,TRUE,772,"Spain",6,"From Counter",906,"Albania",57303,"Kristjan Asllani",11,"Left Defensive Midfield",10,"Aerial Lost",NA,NA,3930179,"73.6","24.5"
49,30,84,TRUE,NA,906,"Albania",1,"Regular Play",906,"Albania",23987,"Rey Manaj",23,"Center Forward",10,"Aerial Lost",NA,NA,3930179,"112.6","42.1"
54,16,90,TRUE,TRUE,906,"Albania",1,"Regular Play",772,"Spain",3042,"Mikel Merino Zazón",11,"Left Defensive Midfield",11,"Tackle",13,"Lost In Play",3930179,"94","23.4"
54,50,91,TRUE,TRUE,772,"Spain",1,"Regular Play",772,"Spain",16532,"Daniel Olmo Carvajal",19,"Center Attacking Midfield",11,"Tackle",4,"Won",3930179,"12.6","53.8"
57,42,93,TRUE,NA,772,"Spain",1,"Regular Play",772,"Spain",6748,"Ferrán Torres García",17,"Right Wing",10,"Aerial Lost",NA,NA,3930179,"111.3","46.1"
59,30,96,TRUE,TRUE,772,"Spain",1,"Regular Play",906,"Albania",32030,"Nedim Bajrami",21,"Left Wing",11,"Tackle",13,"Lost In Play",3930179,"36.4","6.2"
59,33,96,TRUE,NA,772,"Spain",1,"Regular Play",906,"Albania",7108,"Berat Djimsiti",5,"Left Center Back",11,"Tackle",16,"Success In Play",3930179,"21.5","5.9"
63,5,99,TRUE,TRUE,906,"Albania",1,"Regular Play",906,"Albania",24438,"Ylber Ramadani",9,"Right Defensive Midfield",11,"Tackle",4,"Won",3930179,"59.5","15.9"
66,20,103,TRUE,NA,772,"Spain",3,"From Free Kick",906,"Albania",7108,"Berat Djimsiti",5,"Left Center Back",10,"Aerial Lost",NA,NA,3930179,"37.2","11.5"
68,13,107,TRUE,NA,906,"Albania",1,"Regular Play",772,"Spain",6821,"Jesús Navas González",2,"Right Back",10,"Aerial Lost",NA,NA,3930179,"66.9","76.6"
70,19,112,TRUE,NA,772,"Spain",2,"From Corner",906,"Albania",142800,"Medon Berisha",19,"Center Attacking Midfield",10,"Aerial Lost",NA,NA,3930179,"26.4","59.7"
71,20,113,TRUE,NA,906,"Albania",4,"From Throw In",772,"Spain",24921,"Martín Zubimendi Ibáñez",9,"Right Defensive Midfield",10,"Aerial Lost",NA,NA,3930179,"65.9","9.6"
72,13,114,TRUE,NA,772,"Spain",4,"From Throw In",906,"Albania",49097,"Mario Mitaj",6,"Left Back",11,"Tackle",13,"Lost In Play",3930179,"8.6","10.2"
72,17,114,TRUE,NA,772,"Spain",4,"From Throw In",906,"Albania",24438,"Ylber Ramadani",9,"Right Defensive Midfield",11,"Tackle",4,"Won",3930179,"13.7","27.5"
72,22,115,TRUE,TRUE,906,"Albania",1,"Regular Play",906,"Albania",133698,"Arbër Hoxha",21,"Left Wing",11,"Tackle",4,"Won",3930179,"17.1","11.8"
74,33,120,TRUE,NA,906,"Albania",4,"From Throw In",772,"Spain",143864,"Fermin Lopez Marin",19,"Center Attacking Midfield",11,"Tackle",14,"Lost Out",3930179,"86","76.6"
74,43,122,TRUE,TRUE,772,"Spain",1,"Regular Play",772,"Spain",24921,"Martín Zubimendi Ibáñez",9,"Right Defensive Midfield",11,"Tackle",16,"Success In Play",3930179,"65.6","76.3"
77,32,128,TRUE,NA,772,"Spain",7,"From Goal Kick",906,"Albania",24438,"Ylber Ramadani",9,"Right Defensive Midfield",10,"Aerial Lost",NA,NA,3930179,"50.9","72.7"
79,21,131,TRUE,NA,772,"Spain",2,"From Corner",906,"Albania",36885,"Armando Broja",23,"Center Forward",10,"Aerial Lost",NA,NA,3930179,"6.3","45"
80,31,134,TRUE,NA,772,"Spain",1,"Regular Play",906,"Albania",49097,"Mario Mitaj",6,"Left Back",11,"Tackle",13,"Lost In Play",3930179,"19.8","28.3"
84,23,141,TRUE,TRUE,906,"Albania",1,"Regular Play",906,"Albania",8291,"Arlind Afrim Ajeti",3,"Right Center Back",11,"Tackle",16,"Success In Play",3930179,"48.5","52"
84,53,142,TRUE,TRUE,772,"Spain",1,"Regular Play",772,"Spain",24921,"Martín Zubimendi Ibáñez",9,"Right Defensive Midfield",11,"Tackle",13,"Lost In Play",3930179,"33.9","35.5"
85,11,142,TRUE,NA,772,"Spain",1,"Regular Play",906,"Albania",3378,"Iván Balliu Campeny",2,"Right Back",11,"Tackle",14,"Lost Out",3930179,"69.2","76.6"
86,11,144,TRUE,TRUE,906,"Albania",1,"Regular Play",772,"Spain",6821,"Jesús Navas González",2,"Right Back",11,"Tackle",14,"Lost Out",3930179,"64.4","75.5"
89,15,148,TRUE,NA,772,"Spain",3,"From Free Kick",906,"Albania",133698,"Arbër Hoxha",21,"Left Wing",11,"Tackle",13,"Lost In Play",3930179,"23.7","6.5"
91,25,152,TRUE,NA,906,"Albania",3,"From Free Kick",772,"Spain",22128,"Robin Aime Robert Le Normand",5,"Left Center Back",10,"Aerial Lost",NA,NA,3930179,"10.9","35.9"
92,5,154,TRUE,TRUE,906,"Albania",1,"Regular Play",906,"Albania",142800,"Medon Berisha",19,"Center Attacking Midfield",10,"Aerial Lost",NA,NA,3930179,"44.4","65.9"
92,27,155,TRUE,NA,772,"Spain",1,"Regular Play",772,"Spain",10336,"Alejandro Grimaldo García",6,"Left Back",11,"Tackle",4,"Won",3930179,"6.8","16.8"
93,2,156,TRUE,NA,906,"Albania",1,"Regular Play",772,"Spain",316046,"Lamine Yamal Nasraoui Ebana",17,"Right Wing",11,"Tackle",13,"Lost In Play",3930179,"15.9","55.6"
93,9,156,TRUE,TRUE,906,"Albania",1,"Regular Play",906,"Albania",49097,"Mario Mitaj",6,"Left Back",11,"Tackle",13,"Lost In Play",3930179,"79.6","4.1"
93,38,156,TRUE,NA,906,"Albania",1,"Regular Play",772,"Spain",41115,"Alejandro Baena Rodríguez",21,"Left Wing",11,"Tackle",16,"Success In Play",3930179,"27.5","32.5"
93,42,156,TRUE,TRUE,906,"Albania",1,"Regular Play",906,"Albania",24438,"Ylber Ramadani",9,"Right Defensive Midfield",11,"Tackle",4,"Won",3930179,"90.3","59.2"
2,0,5,TRUE,NA,772,"Spain",2,"From Corner",772,"Spain",3477,"Álvaro Borja Morata Martín",23,"Center Forward",10,"Aerial Lost",NA,NA,3930172,"112.7","35.7"
7,44,14,TRUE,NA,914,"Italy",3,"From Free Kick",914,"Italy",10992,"Gianluca Scamacca",23,"Center Forward",10,"Aerial Lost",NA,NA,3930172,"84.8","45.8"
13,18,23,TRUE,TRUE,772,"Spain",1,"Regular Play",772,"Spain",4353,"Aymeric Laporte",5,"Left Center Back",11,"Tackle",16,"Success In Play",3930172,"19.5","24.3"
13,58,23,TRUE,NA,772,"Spain",1,"Regular Play",914,"Italy",11514,"Giovanni Di Lorenzo",2,"Right Back",11,"Tackle",13,"Lost In Play",3930172,"34.5","65.5"
15,53,28,TRUE,TRUE,914,"Italy",1,"Regular Play",914,"Italy",7480,"Alessandro Bastoni",3,"Right Center Back",11,"Tackle",16,"Success In Play",3930172,"56.8","40.5"
18,26,30,TRUE,NA,772,"Spain",3,"From Free Kick",914,"Italy",7480,"Alessandro Bastoni",3,"Right Center Back",11,"Tackle",13,"Lost In Play",3930172,"54.3","47.7"
19,25,31,TRUE,TRUE,914,"Italy",1,"Regular Play",772,"Spain",17620,"Marc Cucurella Saseta",6,"Left Back",11,"Tackle",14,"Lost Out",3930172,"69.9","2.3"
20,59,33,TRUE,NA,772,"Spain",1,"Regular Play",914,"Italy",8181,"Nicolò Barella",15,"Left Center Midfield",10,"Aerial Lost",NA,NA,3930172,"67.2","26.2"
21,14,34,TRUE,NA,914,"Italy",1,"Regular Play",772,"Spain",22128,"Robin Aime Robert Le Normand",3,"Right Center Back",10,"Aerial Lost",NA,NA,3930172,"57.6","47.8"
21,51,35,TRUE,NA,772,"Spain",1,"Regular Play",914,"Italy",41768,"Riccardo Calafiori",5,"Left Center Back",10,"Aerial Lost",NA,NA,3930172,"60.9","31.5"
23,23,38,TRUE,NA,772,"Spain",4,"From Throw In",914,"Italy",41768,"Riccardo Calafiori",5,"Left Center Back",11,"Tackle",13,"Lost In Play",3930172,"20.1","36.6"
23,34,38,TRUE,TRUE,772,"Spain",4,"From Throw In",772,"Spain",17620,"Marc Cucurella Saseta",6,"Left Back",11,"Tackle",4,"Won",3930172,"68","40.5"
24,9,38,TRUE,NA,772,"Spain",4,"From Throw In",914,"Italy",7024,"Jorge Luiz Frello Filho",10,"Center Defensive Midfield",11,"Tackle",16,"Success In Play",3930172,"26.1","28.8"
24,12,39,TRUE,TRUE,914,"Italy",1,"Regular Play",914,"Italy",8181,"Nicolò Barella",15,"Left Center Midfield",11,"Tackle",4,"Won",3930172,"30.2","23"
25,14,42,TRUE,NA,914,"Italy",1,"Regular Play",772,"Spain",17620,"Marc Cucurella Saseta",6,"Left Back",11,"Tackle",13,"Lost In Play",3930172,"28.3","28.4"
26,48,44,TRUE,NA,914,"Italy",7,"From Goal Kick",772,"Spain",22128,"Robin Aime Robert Le Normand",3,"Right Center Back",10,"Aerial Lost",NA,NA,3930172,"52.3","11.8"
27,30,47,TRUE,TRUE,772,"Spain",1,"Regular Play",914,"Italy",7480,"Alessandro Bastoni",3,"Right Center Back",11,"Tackle",13,"Lost In Play",3930172,"21","39"
29,2,51,TRUE,TRUE,914,"Italy",1,"Regular Play",772,"Spain",17620,"Marc Cucurella Saseta",6,"Left Back",11,"Tackle",16,"Success In Play",3930172,"97.6","2.4"
29,41,52,TRUE,NA,914,"Italy",3,"From Free Kick",914,"Italy",30926,"Davide Frattesi",13,"Right Center Midfield",10,"Aerial Lost",NA,NA,3930172,"92.1","54.7"
29,58,53,TRUE,NA,772,"Spain",1,"Regular Play",914,"Italy",11514,"Giovanni Di Lorenzo",2,"Right Back",11,"Tackle",13,"Lost In Play",3930172,"12.4","66.3"
30,1,54,TRUE,TRUE,914,"Italy",1,"Regular Play",914,"Italy",11514,"Giovanni Di Lorenzo",2,"Right Back",11,"Tackle",4,"Won",3930172,"15.1","76.6"
34,1,59,TRUE,NA,914,"Italy",3,"From Free Kick",914,"Italy",7156,"Federico Chiesa",17,"Right Wing",10,"Aerial Lost",NA,NA,3930172,"92.1","71.3"
34,58,60,TRUE,TRUE,772,"Spain",1,"Regular Play",772,"Spain",30486,"Pedro González López",19,"Center Attacking Midfield",11,"Tackle",16,"Success In Play",3930172,"91.1","20.6"
37,57,64,TRUE,TRUE,914,"Italy",1,"Regular Play",914,"Italy",7480,"Alessandro Bastoni",3,"Right Center Back",11,"Tackle",4,"Won",3930172,"14.8","45.5"
39,43,68,TRUE,TRUE,772,"Spain",1,"Regular Play",772,"Spain",17620,"Marc Cucurella Saseta",6,"Left Back",11,"Tackle",16,"Success In Play",3930172,"44.9","3.5"
41,34,71,TRUE,NA,914,"Italy",8,"From Keeper",772,"Spain",5721,"Daniel Carvajal Ramos",2,"Right Back",10,"Aerial Lost",NA,NA,3930172,"86.3","76.6"
43,28,74,TRUE,NA,914,"Italy",4,"From Throw In",772,"Spain",6765,"Rodrigo Hernández Cascante",9,"Right Defensive Midfield",11,"Tackle",16,"Success In Play",3930172,"72.7","19.5"
44,35,77,TRUE,NA,772,"Spain",4,"From Throw In",914,"Italy",7024,"Jorge Luiz Frello Filho",10,"Center Defensive Midfield",11,"Tackle",13,"Lost In Play",3930172,"25.4","20.6"
49,10,88,TRUE,NA,772,"Spain",2,"From Corner",772,"Spain",22128,"Robin Aime Robert Le Normand",3,"Right Center Back",10,"Aerial Lost",NA,NA,3930172,"116.7","44.8"
50,2,90,TRUE,NA,772,"Spain",1,"Regular Play",914,"Italy",11514,"Giovanni Di Lorenzo",2,"Right Back",11,"Tackle",14,"Lost Out",3930172,"12.6","75.4"
50,23,91,TRUE,NA,772,"Spain",4,"From Throw In",914,"Italy",41768,"Riccardo Calafiori",5,"Left Center Back",11,"Tackle",13,"Lost In Play",3930172,"15.2","21.8"
50,31,92,TRUE,TRUE,914,"Italy",6,"From Counter",914,"Italy",6963,"Lorenzo Pellegrini",15,"Left Center Midfield",11,"Tackle",16,"Success In Play",3930172,"19.8","27"
52,23,96,TRUE,TRUE,914,"Italy",1,"Regular Play",914,"Italy",11514,"Giovanni Di Lorenzo",2,"Right Back",11,"Tackle",16,"Success In Play",3930172,"27","64.5"
53,34,100,TRUE,NA,772,"Spain",1,"Regular Play",914,"Italy",11514,"Giovanni Di Lorenzo",2,"Right Back",11,"Tackle",4,"Won",3930172,"20.1","71.3"
53,49,100,TRUE,TRUE,772,"Spain",1,"Regular Play",772,"Spain",316046,"Lamine Yamal Nasraoui Ebana",17,"Right Wing",11,"Tackle",16,"Success In Play",3930172,"105.8","56.8"
56,34,105,TRUE,NA,772,"Spain",1,"Regular Play",914,"Italy",8181,"Nicolò Barella",10,"Center Defensive Midfield",11,"Tackle",14,"Lost Out",3930172,"45.9","76.6"
57,57,107,TRUE,NA,772,"Spain",2,"From Corner",914,"Italy",41768,"Riccardo Calafiori",5,"Left Center Back",10,"Aerial Lost",NA,NA,3930172,"7.1","36"
58,59,108,TRUE,NA,772,"Spain",3,"From Free Kick",772,"Spain",316046,"Lamine Yamal Nasraoui Ebana",17,"Right Wing",10,"Aerial Lost",NA,NA,3930172,"56.7","57.4"
60,51,111,TRUE,NA,914,"Italy",3,"From Free Kick",772,"Spain",316046,"Lamine Yamal Nasraoui Ebana",17,"Right Wing",11,"Tackle",16,"Success In Play",3930172,"99","78.6"
61,13,112,TRUE,TRUE,772,"Spain",1,"Regular Play",772,"Spain",6765,"Rodrigo Hernández Cascante",9,"Right Defensive Midfield",11,"Tackle",16,"Success In Play",3930172,"21.2","29.6"
63,47,114,TRUE,NA,772,"Spain",3,"From Free Kick",914,"Italy",8181,"Nicolò Barella",10,"Center Defensive Midfield",11,"Tackle",16,"Success In Play",3930172,"56.4","58.4"
69,41,120,TRUE,NA,772,"Spain",1,"Regular Play",914,"Italy",8181,"Nicolò Barella",10,"Center Defensive Midfield",11,"Tackle",13,"Lost In Play",3930172,"74.4","3.7"
74,8,123,TRUE,NA,772,"Spain",7,"From Goal Kick",772,"Spain",3477,"Álvaro Borja Morata Martín",23,"Center Forward",10,"Aerial Lost",NA,NA,3930172,"77.6","55.2"
74,35,123,TRUE,NA,772,"Spain",7,"From Goal Kick",914,"Italy",8792,"Mattia Zaccagni",21,"Left Wing",11,"Tackle",13,"Lost In Play",3930172,"65.5","15.2"
75,4,124,TRUE,NA,914,"Italy",4,"From Throw In",772,"Spain",5721,"Daniel Carvajal Ramos",2,"Right Back",11,"Tackle",14,"Lost Out",3930172,"61","77.8"
78,51,129,TRUE,TRUE,914,"Italy",3,"From Free Kick",914,"Italy",50729,"Andrea Cambiaso",17,"Right Wing",11,"Tackle",13,"Lost In Play",3930172,"34.5","71.5"
80,41,132,TRUE,NA,772,"Spain",2,"From Corner",914,"Italy",12255,"Federico Dimarco",6,"Left Back",10,"Aerial Lost",NA,NA,3930172,"6.6","34.1"
81,19,133,TRUE,NA,914,"Italy",7,"From Goal Kick",772,"Spain",6685,"Mikel Oyarzabal Ugarte",23,"Center Forward",11,"Tackle",13,"Lost In Play",3930172,"92.9","19.5"
82,18,135,TRUE,NA,772,"Spain",8,"From Keeper",914,"Italy",50729,"Andrea Cambiaso",17,"Right Wing",11,"Tackle",17,"Success Out",3930172,"83.1","73.1"
82,47,136,TRUE,NA,914,"Italy",4,"From Throw In",914,"Italy",25048,"Giacomo Raspadori",15,"Left Center Midfield",11,"Tackle",16,"Success In Play",3930172,"63.6","76"
84,32,138,TRUE,NA,914,"Italy",4,"From Throw In",772,"Spain",5721,"Daniel Carvajal Ramos",2,"Right Back",11,"Tackle",14,"Lost Out",3930172,"4.8","57.4"
86,20,142,TRUE,TRUE,914,"Italy",1,"Regular Play",914,"Italy",12255,"Federico Dimarco",6,"Left Back",11,"Tackle",16,"Success In Play",3930172,"70.3","8.1"
86,57,142,TRUE,NA,914,"Italy",1,"Regular Play",772,"Spain",6655,"Fabián Ruiz Peña",11,"Left Defensive Midfield",11,"Tackle",4,"Won",3930172,"13.8","57.7"
87,0,142,TRUE,TRUE,914,"Italy",1,"Regular Play",914,"Italy",12255,"Federico Dimarco",6,"Left Back",11,"Tackle",16,"Success In Play",3930172,"106","13.6"
88,31,143,TRUE,NA,772,"Spain",3,"From Free Kick",772,"Spain",6748,"Ferrán Torres García",17,"Right Wing",10,"Aerial Lost",NA,NA,3930172,"90.6","77.5"
88,33,143,TRUE,NA,772,"Spain",3,"From Free Kick",772,"Spain",6685,"Mikel Oyarzabal Ugarte",23,"Center Forward",10,"Aerial Lost",NA,NA,3930172,"99","65.5"
88,35,143,TRUE,NA,772,"Spain",3,"From Free Kick",772,"Spain",6685,"Mikel Oyarzabal Ugarte",23,"Center Forward",10,"Aerial Lost",NA,NA,3930172,"98.6","65.4"
88,36,143,TRUE,NA,772,"Spain",3,"From Free Kick",772,"Spain",6765,"Rodrigo Hernández Cascante",9,"Right Defensive Midfield",10,"Aerial Lost",NA,NA,3930172,"91.8","59.1"
90,54,148,TRUE,NA,772,"Spain",7,"From Goal Kick",914,"Italy",31093,"Mateo Retegui",23,"Center Forward",10,"Aerial Lost",NA,NA,3930172,"40.2","47.7"
94,8,155,TRUE,NA,772,"Spain",1,"Regular Play",772,"Spain",41115,"Alejandro Baena Rodríguez",19,"Center Attacking Midfield",10,"Aerial Lost",NA,NA,3930172,"81.1","47.2"
94,41,158,TRUE,TRUE,914,"Italy",1,"Regular Play",914,"Italy",12255,"Federico Dimarco",6,"Left Back",11,"Tackle",16,"Success In Play",3930172,"63.4","38"
96,7,159,TRUE,NA,914,"Italy",2,"From Corner",772,"Spain",17620,"Marc Cucurella Saseta",6,"Left Back",10,"Aerial Lost",NA,NA,3930172,"5.4","54.4"
