"minute","second","possession","under_pressure","possession_team.id","possession_team.name","play_pattern.id","play_pattern.name","team.id","team.name","player.id","player.name","position.id","position.name","dribble.nutmeg","dribble.no_touch","dribble.outcome.id","dribble.outcome.name","match_id","dribble.overrun","location_x","location_y"
1,48,3,TRUE,772,"Spain",4,"From Throw In",772,"Spain",68574,"Nicholas Williams Arthuer",21,"Left Wing",NA,NA,8,"Complete",3930160,NA,"84.4","3.4"
8,43,14,TRUE,785,"Croatia",1,"Regular Play",785,"Croatia",37148,"Josip Šutalo",3,"Right Center Back",NA,NA,8,"Complete",3930160,NA,"10.4","65.6"
18,27,31,TRUE,772,"Spain",4,"From Throw In",772,"Spain",316046,"Lamine Yamal Nasraoui Ebana",17,"Right Wing",TRUE,NA,9,"Incomplete",3930160,NA,"70.6","77.4"
24,54,42,TRUE,772,"Spain",3,"From Free Kick",772,"Spain",68574,"Nicholas Williams Arthuer",21,"Left Wing",NA,NA,9,"Incomplete",3930160,NA,"77.9","0.7"
31,23,54,TRUE,772,"Spain",4,"From Throw In",772,"Spain",6655,"Fabián Ruiz Peña",11,"Left Defensive Midfield",NA,NA,8,"Complete",3930160,NA,"100.5","40.3"
32,50,56,TRUE,785,"Croatia",9,"From Kick Off",785,"Croatia",33018,"Joško Gvardiol",6,"Left Back",NA,NA,8,"Complete",3930160,NA,"98.3","25.1"
46,56,85,TRUE,785,"Croatia",4,"From Throw In",785,"Croatia",37148,"Josip Šutalo",3,"Right Center Back",NA,NA,8,"Complete",3930160,NA,"47.7","12"
47,8,86,TRUE,772,"Spain",1,"Regular Play",772,"Spain",6655,"Fabián Ruiz Peña",11,"Left Defensive Midfield",NA,NA,9,"Incomplete",3930160,NA,"103","17.1"
48,53,92,TRUE,772,"Spain",1,"Regular Play",772,"Spain",68574,"Nicholas Williams Arthuer",21,"Left Wing",NA,TRUE,9,"Incomplete",3930160,NA,"55.5","2.2"
51,22,100,TRUE,785,"Croatia",1,"Regular Play",785,"Croatia",5456,"Mateo Kovačić",15,"Left Center Midfield",NA,NA,8,"Complete",3930160,NA,"77.4","34.2"
55,34,107,TRUE,772,"Spain",7,"From Goal Kick",772,"Spain",68574,"Nicholas Williams Arthuer",21,"Left Wing",NA,NA,8,"Complete",3930160,NA,"68.5","7.3"
56,1,107,TRUE,772,"Spain",7,"From Goal Kick",772,"Spain",316046,"Lamine Yamal Nasraoui Ebana",17,"Right Wing",NA,NA,8,"Complete",3930160,NA,"73.6","78.8"
57,30,108,TRUE,772,"Spain",3,"From Free Kick",772,"Spain",68574,"Nicholas Williams Arthuer",21,"Left Wing",NA,NA,9,"Incomplete",3930160,NA,"84.4","2.7"
63,6,118,TRUE,785,"Croatia",4,"From Throw In",785,"Croatia",5474,"Ivan Perišić",21,"Left Wing",NA,NA,8,"Complete",3930160,NA,"112.1","15.4"
63,47,119,TRUE,772,"Spain",1,"Regular Play",772,"Spain",316046,"Lamine Yamal Nasraoui Ebana",17,"Right Wing",NA,NA,8,"Complete",3930160,NA,"91.4","57.5"
65,52,122,TRUE,785,"Croatia",1,"Regular Play",772,"Spain",16532,"Daniel Olmo Carvajal",19,"Center Attacking Midfield",TRUE,NA,8,"Complete",3930160,NA,"24.3","57.2"
68,33,129,TRUE,772,"Spain",4,"From Throw In",772,"Spain",16532,"Daniel Olmo Carvajal",21,"Left Wing",NA,NA,8,"Complete",3930160,NA,"98.7","8.4"
68,35,129,TRUE,772,"Spain",4,"From Throw In",772,"Spain",16532,"Daniel Olmo Carvajal",21,"Left Wing",TRUE,NA,9,"Incomplete",3930160,NA,"99.2","15.7"
83,14,154,TRUE,785,"Croatia",4,"From Throw In",772,"Spain",5202,"José Ignacio Fernández Iglesias",5,"Left Center Back",NA,NA,8,"Complete",3930160,NA,"44.5","43.5"
87,38,158,TRUE,785,"Croatia",1,"Regular Play",785,"Croatia",7693,"Bruno Petković",23,"Center Forward",NA,NA,9,"Incomplete",3930160,NA,"84.5","47.2"
91,34,162,TRUE,785,"Croatia",3,"From Free Kick",785,"Croatia",49337,"Josip Stanišić",2,"Right Back",NA,NA,8,"Complete",3930160,NA,"85.8","73"
1,39,5,TRUE,768,"England",1,"Regular Play",768,"England",3382,"Luke Shaw",6,"Left Back",TRUE,NA,9,"Incomplete",3943043,NA,"51.1","2.4"
7,15,13,TRUE,768,"England",1,"Regular Play",768,"England",3943,"Declan Rice",11,"Left Defensive Midfield",NA,NA,8,"Complete",3943043,NA,"7.5","56.7"
16,54,27,TRUE,768,"England",2,"From Corner",768,"England",4354,"Phil Foden",19,"Center Attacking Midfield",NA,NA,9,"Incomplete",3943043,TRUE,"99.5","46.5"
19,29,32,TRUE,772,"Spain",4,"From Throw In",768,"England",3943,"Declan Rice",11,"Left Defensive Midfield",NA,NA,9,"Incomplete",3943043,NA,"56.2","38.7"
24,15,40,TRUE,768,"England",3,"From Free Kick",768,"England",3382,"Luke Shaw",6,"Left Back",NA,NA,8,"Complete",3943043,NA,"104.3","20"
26,42,43,TRUE,772,"Spain",3,"From Free Kick",772,"Spain",316046,"Lamine Yamal Nasraoui Ebana",17,"Right Wing",NA,NA,9,"Incomplete",3943043,NA,"76.9","74"
28,49,47,TRUE,772,"Spain",4,"From Throw In",772,"Spain",6655,"Fabián Ruiz Peña",11,"Left Defensive Midfield",NA,NA,8,"Complete",3943043,NA,"14.2","74.4"
35,54,58,TRUE,772,"Spain",2,"From Corner",772,"Spain",68574,"Nicholas Williams Arthuer",21,"Left Wing",NA,NA,8,"Complete",3943043,NA,"103.8","6.2"
37,38,60,TRUE,772,"Spain",1,"Regular Play",768,"England",30714,"Jude Bellingham",21,"Left Wing",TRUE,NA,8,"Complete",3943043,NA,"32.8","19.6"
38,50,62,TRUE,772,"Spain",1,"Regular Play",772,"Spain",68574,"Nicholas Williams Arthuer",21,"Left Wing",TRUE,NA,9,"Incomplete",3943043,NA,"69","5.3"
42,22,69,TRUE,772,"Spain",1,"Regular Play",772,"Spain",3477,"Álvaro Borja Morata Martín",23,"Center Forward",NA,NA,9,"Incomplete",3943043,NA,"110.6","26.5"
43,8,71,TRUE,768,"England",1,"Regular Play",768,"England",99174,"Kobbie Mainoo",9,"Right Defensive Midfield",NA,NA,9,"Incomplete",3943043,NA,"3.3","3.7"
49,17,85,TRUE,772,"Spain",1,"Regular Play",772,"Spain",5721,"Daniel Carvajal Ramos",2,"Right Back",NA,NA,8,"Complete",3943043,NA,"52.6","70.3"
54,4,91,TRUE,772,"Spain",3,"From Free Kick",772,"Spain",5721,"Daniel Carvajal Ramos",2,"Right Back",NA,NA,9,"Incomplete",3943043,NA,"72","74.1"
57,9,95,TRUE,772,"Spain",4,"From Throw In",772,"Spain",316046,"Lamine Yamal Nasraoui Ebana",17,"Right Wing",TRUE,NA,9,"Incomplete",3943043,NA,"73.4","73.6"
59,42,98,TRUE,768,"England",1,"Regular Play",768,"England",99174,"Kobbie Mainoo",9,"Right Defensive Midfield",NA,NA,9,"Incomplete",3943043,TRUE,"93.1","69.1"
59,47,98,TRUE,768,"England",1,"Regular Play",768,"England",99174,"Kobbie Mainoo",9,"Right Defensive Midfield",NA,NA,9,"Incomplete",3943043,NA,"105","74.6"
63,11,100,TRUE,768,"England",3,"From Free Kick",768,"England",30714,"Jude Bellingham",21,"Left Wing",NA,NA,8,"Complete",3943043,NA,"93.5","42.5"
70,29,112,TRUE,768,"England",4,"From Throw In",768,"England",22084,"Bukayo Saka",17,"Right Wing",NA,NA,9,"Incomplete",3943043,NA,"85.9","67.1"
71,45,115,TRUE,772,"Spain",6,"From Counter",772,"Spain",24921,"Martín Zubimendi Ibáñez",9,"Right Defensive Midfield",NA,NA,8,"Complete",3943043,NA,"63.6","39.9"
74,49,121,TRUE,768,"England",4,"From Throw In",768,"England",39461,"Cole Palmer",19,"Center Attacking Midfield",NA,NA,9,"Incomplete",3943043,NA,"107.6","71.6"
82,9,130,TRUE,772,"Spain",4,"From Throw In",772,"Spain",68574,"Nicholas Williams Arthuer",21,"Left Wing",NA,NA,9,"Incomplete",3943043,NA,"99.7","13.3"
82,11,131,TRUE,768,"England",1,"Regular Play",768,"England",3205,"Kyle Walker",2,"Right Back",NA,NA,9,"Incomplete",3943043,NA,"27.8","67.9"
84,3,133,TRUE,772,"Spain",1,"Regular Play",772,"Spain",16532,"Daniel Olmo Carvajal",19,"Center Attacking Midfield",NA,NA,9,"Incomplete",3943043,NA,"101.2","51"
85,7,135,TRUE,768,"England",8,"From Keeper",768,"England",3205,"Kyle Walker",2,"Right Back",NA,NA,8,"Complete",3943043,NA,"37","65.4"
0,14,2,TRUE,771,"France",9,"From Kick Off",771,"France",5477,"Ousmane Dembélé",17,"Right Wing",NA,NA,9,"Incomplete",3942752,NA,"59.4","70.7"
0,19,3,TRUE,772,"Spain",1,"Regular Play",772,"Spain",6765,"Rodrigo Hernández Cascante",9,"Right Defensive Midfield",NA,NA,9,"Incomplete",3942752,NA,"64.7","31.7"
3,47,11,TRUE,771,"France",1,"Regular Play",772,"Spain",68574,"Nicholas Williams Arthuer",21,"Left Wing",NA,NA,9,"Incomplete",3942752,NA,"79.7","2.8"
4,31,12,TRUE,772,"Spain",1,"Regular Play",772,"Spain",16532,"Daniel Olmo Carvajal",19,"Center Attacking Midfield",NA,NA,8,"Complete",3942752,NA,"78.1","28.3"
5,33,13,TRUE,771,"France",7,"From Goal Kick",771,"France",3009,"Kylian Mbappé Lottin",21,"Left Wing",NA,NA,9,"Incomplete",3942752,NA,"65.3","13.7"
18,15,28,TRUE,771,"France",1,"Regular Play",771,"France",3009,"Kylian Mbappé Lottin",21,"Left Wing",NA,NA,8,"Complete",3942752,NA,"106.9","30.7"
24,22,41,TRUE,772,"Spain",4,"From Throw In",772,"Spain",16532,"Daniel Olmo Carvajal",19,"Center Attacking Midfield",NA,NA,8,"Complete",3942752,NA,"107.8","45.5"
26,52,45,TRUE,771,"France",4,"From Throw In",771,"France",5477,"Ousmane Dembélé",17,"Right Wing",NA,NA,8,"Complete",3942752,NA,"102.2","67.1"
29,54,48,TRUE,772,"Spain",7,"From Goal Kick",772,"Spain",16532,"Daniel Olmo Carvajal",19,"Center Attacking Midfield",NA,NA,9,"Incomplete",3942752,NA,"101.4","51.4"
30,6,48,TRUE,772,"Spain",7,"From Goal Kick",771,"France",3009,"Kylian Mbappé Lottin",21,"Left Wing",NA,NA,9,"Incomplete",3942752,NA,"99.7","22"
42,28,63,TRUE,771,"France",1,"Regular Play",771,"France",3026,"Adrien Rabiot",15,"Left Center Midfield",NA,NA,8,"Complete",3942752,NA,"42.9","54.9"
42,37,63,TRUE,771,"France",1,"Regular Play",771,"France",6704,"Theo Bernard François Hernández",6,"Left Back",NA,NA,9,"Incomplete",3942752,NA,"94.5","6.3"
44,42,66,TRUE,772,"Spain",4,"From Throw In",772,"Spain",17620,"Marc Cucurella Saseta",6,"Left Back",NA,NA,9,"Incomplete",3942752,NA,"73.4","5.8"
45,57,72,TRUE,772,"Spain",1,"Regular Play",772,"Spain",68574,"Nicholas Williams Arthuer",21,"Left Wing",NA,NA,9,"Incomplete",3942752,NA,"91.9","9"
53,27,87,TRUE,772,"Spain",8,"From Keeper",772,"Spain",6821,"Jesús Navas González",2,"Right Back",NA,NA,9,"Incomplete",3942752,NA,"105.9","68"
59,10,99,TRUE,772,"Spain",3,"From Free Kick",772,"Spain",68574,"Nicholas Williams Arthuer",21,"Left Wing",TRUE,NA,9,"Incomplete",3942752,NA,"88.6","8.3"
59,24,99,TRUE,772,"Spain",3,"From Free Kick",772,"Spain",17620,"Marc Cucurella Saseta",6,"Left Back",NA,NA,9,"Incomplete",3942752,NA,"68.1","4.8"
63,49,105,TRUE,772,"Spain",4,"From Throw In",772,"Spain",6655,"Fabián Ruiz Peña",11,"Left Defensive Midfield",NA,NA,9,"Incomplete",3942752,NA,"68.1","19.8"
68,19,110,TRUE,771,"France",1,"Regular Play",771,"France",5477,"Ousmane Dembélé",17,"Right Wing",NA,NA,9,"Incomplete",3942752,NA,"93.6","51.3"
70,6,113,TRUE,771,"France",6,"From Counter",771,"France",39420,"Bradley Barcola",21,"Left Wing",NA,NA,8,"Complete",3942752,NA,"99","16.4"
70,13,114,TRUE,772,"Spain",1,"Regular Play",772,"Spain",6655,"Fabián Ruiz Peña",11,"Left Defensive Midfield",NA,NA,9,"Incomplete",3942752,NA,"14.7","29.8"
72,16,118,TRUE,771,"France",4,"From Throw In",771,"France",3009,"Kylian Mbappé Lottin",23,"Center Forward",NA,NA,9,"Incomplete",3942752,NA,"109.7","49.6"
74,52,121,TRUE,771,"France",1,"Regular Play",771,"France",6704,"Theo Bernard François Hernández",6,"Left Back",NA,NA,8,"Complete",3942752,NA,"68.8","2.4"
77,41,124,TRUE,771,"France",1,"Regular Play",771,"France",39420,"Bradley Barcola",21,"Left Wing",TRUE,NA,8,"Complete",3942752,NA,"57.9","2.2"
78,43,126,TRUE,772,"Spain",4,"From Throw In",772,"Spain",6765,"Rodrigo Hernández Cascante",9,"Right Defensive Midfield",NA,NA,9,"Incomplete",3942752,NA,"28.2","73"
85,17,135,TRUE,771,"France",7,"From Goal Kick",771,"France",39420,"Bradley Barcola",16,"Left Midfield",NA,NA,8,"Complete",3942752,NA,"55.6","6.7"
86,23,137,TRUE,771,"France",4,"From Throw In",771,"France",4445,"Jules Koundé",2,"Right Back",NA,NA,8,"Complete",3942752,NA,"50","73.6"
92,28,149,TRUE,772,"Spain",6,"From Counter",772,"Spain",316046,"Lamine Yamal Nasraoui Ebana",17,"Right Wing",TRUE,NA,9,"Incomplete",3942752,NA,"62.7","77.9"
5,3,11,TRUE,772,"Spain",3,"From Free Kick",772,"Spain",68574,"Nicholas Williams Arthuer",21,"Left Wing",TRUE,NA,8,"Complete",3942226,NA,"69.2","5.2"
8,52,13,TRUE,770,"Germany",4,"From Throw In",770,"Germany",3053,"Leroy Sané",17,"Right Wing",NA,TRUE,9,"Incomplete",3942226,TRUE,"49.2","73.8"
8,56,13,TRUE,770,"Germany",4,"From Throw In",772,"Spain",68574,"Nicholas Williams Arthuer",21,"Left Wing",TRUE,NA,9,"Incomplete",3942226,NA,"84.8","4.5"
12,42,17,TRUE,770,"Germany",3,"From Free Kick",770,"Germany",10287,"İlkay Gündoğan",19,"Center Attacking Midfield",NA,NA,9,"Incomplete",3942226,NA,"55.8","17.7"
14,48,21,TRUE,772,"Spain",1,"Regular Play",772,"Spain",68574,"Nicholas Williams Arthuer",21,"Left Wing",NA,NA,8,"Complete",3942226,NA,"31.3","35.3"
15,23,21,TRUE,772,"Spain",1,"Regular Play",772,"Spain",316046,"Lamine Yamal Nasraoui Ebana",17,"Right Wing",NA,NA,9,"Incomplete",3942226,NA,"82.7","60.9"
29,55,43,TRUE,770,"Germany",3,"From Free Kick",770,"Germany",12034,"David Raum",6,"Left Back",NA,NA,8,"Complete",3942226,NA,"98.3","8.9"
31,54,46,TRUE,772,"Spain",3,"From Free Kick",772,"Spain",5721,"Daniel Carvajal Ramos",2,"Right Back",TRUE,NA,9,"Incomplete",3942226,TRUE,"63.4","78.1"
34,43,51,TRUE,772,"Spain",8,"From Keeper",772,"Spain",4353,"Aymeric Laporte",5,"Left Center Back",NA,NA,8,"Complete",3942226,NA,"39.9","26.7"
37,57,57,TRUE,772,"Spain",4,"From Throw In",772,"Spain",68574,"Nicholas Williams Arthuer",21,"Left Wing",NA,NA,8,"Complete",3942226,NA,"115","7.7"
44,7,66,TRUE,772,"Spain",1,"Regular Play",772,"Spain",5721,"Daniel Carvajal Ramos",2,"Right Back",NA,NA,9,"Incomplete",3942226,NA,"98.7","66.3"
49,49,81,TRUE,770,"Germany",3,"From Free Kick",772,"Spain",316046,"Lamine Yamal Nasraoui Ebana",17,"Right Wing",NA,NA,9,"Incomplete",3942226,TRUE,"47","73.6"
54,48,88,TRUE,772,"Spain",1,"Regular Play",772,"Spain",316046,"Lamine Yamal Nasraoui Ebana",17,"Right Wing",NA,NA,8,"Complete",3942226,TRUE,"86.6","56.7"
54,52,88,TRUE,772,"Spain",1,"Regular Play",772,"Spain",316046,"Lamine Yamal Nasraoui Ebana",17,"Right Wing",NA,NA,8,"Complete",3942226,NA,"97.1","47.1"
59,33,96,TRUE,770,"Germany",4,"From Throw In",772,"Spain",16532,"Daniel Olmo Carvajal",13,"Right Center Midfield",NA,NA,8,"Complete",3942226,NA,"16.8","63.1"
64,25,106,TRUE,770,"Germany",1,"Regular Play",770,"Germany",39565,"Jamal Musiala",21,"Left Wing",NA,NA,9,"Incomplete",3942226,NA,"78.1","22.6"
64,37,106,TRUE,770,"Germany",1,"Regular Play",770,"Germany",40724,"Florian Wirtz",17,"Right Wing",NA,NA,8,"Complete",3942226,NA,"97.5","41.3"
68,33,114,TRUE,772,"Spain",1,"Regular Play",772,"Spain",68574,"Nicholas Williams Arthuer",21,"Left Wing",NA,NA,9,"Incomplete",3942226,NA,"107.9","19.7"
76,27,128,TRUE,772,"Spain",1,"Regular Play",772,"Spain",16532,"Daniel Olmo Carvajal",13,"Right Center Midfield",NA,NA,9,"Incomplete",3942226,NA,"56.7","75"
77,27,130,TRUE,770,"Germany",1,"Regular Play",770,"Germany",40724,"Florian Wirtz",17,"Right Wing",TRUE,NA,9,"Incomplete",3942226,TRUE,"99.2","77.5"
77,57,130,TRUE,770,"Germany",1,"Regular Play",770,"Germany",40724,"Florian Wirtz",17,"Right Wing",NA,NA,9,"Incomplete",3942226,NA,"101.5","59.3"
79,52,132,TRUE,772,"Spain",4,"From Throw In",772,"Spain",3042,"Mikel Merino Zazón",13,"Right Center Midfield",NA,NA,8,"Complete",3942226,NA,"63.4","73"
79,56,132,TRUE,772,"Spain",4,"From Throw In",772,"Spain",6655,"Fabián Ruiz Peña",15,"Left Center Midfield",NA,NA,8,"Complete",3942226,NA,"64","60.5"
90,5,148,TRUE,770,"Germany",6,"From Counter",770,"Germany",8966,"Kai Havertz",22,"Right Center Forward",NA,NA,9,"Incomplete",3942226,NA,"86.7","74.8"
91,26,153,TRUE,772,"Spain",1,"Regular Play",772,"Spain",6765,"Rodrigo Hernández Cascante",10,"Center Defensive Midfield",NA,NA,9,"Incomplete",3942226,NA,"79.7","21.2"
92,11,164,TRUE,772,"Spain",8,"From Keeper",772,"Spain",3042,"Mikel Merino Zazón",13,"Right Center Midfield",NA,NA,9,"Incomplete",3942226,NA,"34.1","39.1"
97,9,171,TRUE,770,"Germany",1,"Regular Play",770,"Germany",5562,"Thomas Müller",24,"Left Center Forward",NA,NA,9,"Incomplete",3942226,NA,"78.1","75.9"
99,30,175,TRUE,770,"Germany",1,"Regular Play",770,"Germany",39565,"Jamal Musiala",16,"Left Midfield",NA,NA,9,"Incomplete",3942226,NA,"58.7","12.2"
100,19,176,TRUE,770,"Germany",3,"From Free Kick",770,"Germany",39565,"Jamal Musiala",16,"Left Midfield",NA,NA,8,"Complete",3942226,NA,"115.7","20.5"
111,0,193,TRUE,772,"Spain",3,"From Free Kick",772,"Spain",16532,"Daniel Olmo Carvajal",16,"Left Midfield",NA,NA,8,"Complete",3942226,NA,"70.7","3.7"
114,1,198,TRUE,772,"Spain",1,"Regular Play",772,"Spain",5721,"Daniel Carvajal Ramos",2,"Right Back",NA,NA,9,"Incomplete",3942226,NA,"50.1","75"
114,23,198,TRUE,772,"Spain",1,"Regular Play",772,"Spain",16532,"Daniel Olmo Carvajal",16,"Left Midfield",NA,NA,8,"Complete",3942226,NA,"93.4","9.9"
118,42,205,TRUE,772,"Spain",4,"From Throw In",772,"Spain",6748,"Ferrán Torres García",12,"Right Midfield",NA,NA,9,"Incomplete",3942226,NA,"100.8","72.6"
122,31,209,TRUE,770,"Germany",1,"Regular Play",772,"Spain",16532,"Daniel Olmo Carvajal",16,"Left Midfield",NA,NA,9,"Incomplete",3942226,TRUE,"96.5","16"
1,20,4,TRUE,772,"Spain",1,"Regular Play",772,"Spain",68574,"Nicholas Williams Arthuer",21,"Left Wing",NA,NA,8,"Complete",3941018,NA,"87.6","4.3"
1,45,4,TRUE,772,"Spain",1,"Regular Play",772,"Spain",30486,"Pedro González López",13,"Right Center Midfield",NA,NA,9,"Incomplete",3941018,NA,"103.6","54.5"
2,3,4,TRUE,772,"Spain",1,"Regular Play",772,"Spain",6655,"Fabián Ruiz Peña",15,"Left Center Midfield",NA,NA,9,"Incomplete",3941018,NA,"83","23.2"
5,43,10,TRUE,772,"Spain",1,"Regular Play",772,"Spain",68574,"Nicholas Williams Arthuer",21,"Left Wing",NA,NA,9,"Incomplete",3941018,NA,"102.3","9.3"
6,44,11,TRUE,2138,"Georgia",7,"From Goal Kick",2138,"Georgia",25036,"Otar Kakabadze",7,"Right Wing Back",NA,NA,9,"Incomplete",3941018,NA,"103.6","75.4"
17,1,25,TRUE,2138,"Georgia",3,"From Free Kick",2138,"Georgia",38229,"Khvicha Kvaratskhelia",24,"Left Center Forward",NA,NA,8,"Complete",3941018,NA,"47.6","2.6"
19,33,28,TRUE,772,"Spain",1,"Regular Play",772,"Spain",6655,"Fabián Ruiz Peña",15,"Left Center Midfield",NA,NA,8,"Complete",3941018,NA,"102.2","37.7"
20,22,28,TRUE,772,"Spain",1,"Regular Play",772,"Spain",30486,"Pedro González López",13,"Right Center Midfield",NA,NA,9,"Incomplete",3941018,NA,"95.8","57.7"
20,28,29,TRUE,2138,"Georgia",1,"Regular Play",2138,"Georgia",33234,"Georges Mikautadze",22,"Right Center Forward",NA,NA,9,"Incomplete",3941018,NA,"42.5","52.9"
20,37,29,TRUE,2138,"Georgia",1,"Regular Play",772,"Spain",68574,"Nicholas Williams Arthuer",21,"Left Wing",NA,NA,9,"Incomplete",3941018,TRUE,"100.3","9.9"
20,40,29,TRUE,2138,"Georgia",1,"Regular Play",2138,"Georgia",41202,"Giorgi Kochorashvili",13,"Right Center Midfield",TRUE,NA,8,"Complete",3941018,NA,"28","69.1"
20,41,29,TRUE,2138,"Georgia",1,"Regular Play",2138,"Georgia",41202,"Giorgi Kochorashvili",13,"Right Center Midfield",NA,NA,8,"Complete",3941018,NA,"34.8","64.4"
20,47,29,TRUE,2138,"Georgia",1,"Regular Play",2138,"Georgia",25036,"Otar Kakabadze",7,"Right Wing Back",TRUE,NA,8,"Complete",3941018,NA,"30.1","72.5"
21,55,33,TRUE,772,"Spain",1,"Regular Play",772,"Spain",30486,"Pedro González López",13,"Right Center Midfield",NA,NA,9,"Incomplete",3941018,NA,"96.1","40.4"
22,46,33,TRUE,772,"Spain",1,"Regular Play",772,"Spain",316046,"Lamine Yamal Nasraoui Ebana",17,"Right Wing",NA,NA,9,"Incomplete",3941018,NA,"106.2","56.6"
23,24,34,TRUE,2138,"Georgia",1,"Regular Play",2138,"Georgia",11335,"Otar Kiteishvili",10,"Center Defensive Midfield",TRUE,NA,8,"Complete",3941018,TRUE,"26.1","36.9"
23,26,34,TRUE,2138,"Georgia",1,"Regular Play",2138,"Georgia",38229,"Khvicha Kvaratskhelia",24,"Left Center Forward",NA,NA,8,"Complete",3941018,NA,"32.6","29.9"
24,24,36,TRUE,772,"Spain",1,"Regular Play",772,"Spain",316046,"Lamine Yamal Nasraoui Ebana",17,"Right Wing",NA,NA,9,"Incomplete",3941018,NA,"99.2","66.5"
24,27,36,TRUE,772,"Spain",1,"Regular Play",772,"Spain",316046,"Lamine Yamal Nasraoui Ebana",17,"Right Wing",TRUE,NA,9,"Incomplete",3941018,NA,"109.7","75.3"
24,37,37,TRUE,772,"Spain",4,"From Throw In",2138,"Georgia",33234,"Georges Mikautadze",22,"Right Center Forward",NA,NA,9,"Incomplete",3941018,NA,"23.7","17.6"
27,15,40,TRUE,2138,"Georgia",7,"From Goal Kick",2138,"Georgia",11335,"Otar Kiteishvili",10,"Center Defensive Midfield",NA,NA,9,"Incomplete",3941018,NA,"55.9","52.2"
27,27,41,TRUE,772,"Spain",1,"Regular Play",2138,"Georgia",25036,"Otar Kakabadze",7,"Right Wing Back",NA,NA,9,"Incomplete",3941018,TRUE,"29.7","63.3"
28,4,44,TRUE,2138,"Georgia",1,"Regular Play",2138,"Georgia",38229,"Khvicha Kvaratskhelia",24,"Left Center Forward",NA,NA,9,"Incomplete",3941018,NA,"75.2","3.7"
29,30,49,TRUE,2138,"Georgia",1,"Regular Play",2138,"Georgia",38229,"Khvicha Kvaratskhelia",24,"Left Center Forward",NA,NA,8,"Complete",3941018,NA,"97.3","27.6"
30,38,50,TRUE,772,"Spain",1,"Regular Play",772,"Spain",68574,"Nicholas Williams Arthuer",21,"Left Wing",TRUE,NA,9,"Incomplete",3941018,TRUE,"106.3","29.2"
33,7,56,TRUE,2138,"Georgia",1,"Regular Play",2138,"Georgia",38229,"Khvicha Kvaratskhelia",24,"Left Center Forward",NA,NA,9,"Incomplete",3941018,TRUE,"103.8","17.3"
37,35,64,TRUE,772,"Spain",1,"Regular Play",772,"Spain",68574,"Nicholas Williams Arthuer",21,"Left Wing",NA,NA,8,"Complete",3941018,NA,"29.3","18.1"
46,37,81,TRUE,772,"Spain",4,"From Throw In",2138,"Georgia",33234,"Georges Mikautadze",22,"Right Center Forward",NA,NA,9,"Incomplete",3941018,NA,"87.9","55.8"
54,17,90,TRUE,772,"Spain",1,"Regular Play",772,"Spain",6655,"Fabián Ruiz Peña",15,"Left Center Midfield",NA,NA,8,"Complete",3941018,NA,"37.2","68.1"
55,13,91,TRUE,2138,"Georgia",7,"From Goal Kick",2138,"Georgia",23646,"Giorgi Chakvetadze",15,"Left Center Midfield",NA,NA,8,"Complete",3941018,NA,"63.1","44.4"
56,1,92,TRUE,772,"Spain",4,"From Throw In",2138,"Georgia",38229,"Khvicha Kvaratskhelia",24,"Left Center Forward",NA,NA,9,"Incomplete",3941018,NA,"84.2","36.1"
57,33,93,TRUE,772,"Spain",3,"From Free Kick",772,"Spain",316046,"Lamine Yamal Nasraoui Ebana",17,"Right Wing",NA,NA,8,"Complete",3941018,NA,"105","72.7"
57,34,93,TRUE,772,"Spain",3,"From Free Kick",772,"Spain",316046,"Lamine Yamal Nasraoui Ebana",17,"Right Wing",NA,NA,8,"Complete",3941018,NA,"104.6","71.3"
58,43,94,TRUE,772,"Spain",4,"From Throw In",772,"Spain",316046,"Lamine Yamal Nasraoui Ebana",17,"Right Wing",NA,NA,9,"Incomplete",3941018,NA,"111.1","67.7"
61,1,97,TRUE,772,"Spain",1,"Regular Play",2138,"Georgia",33234,"Georges Mikautadze",22,"Right Center Forward",NA,NA,9,"Incomplete",3941018,NA,"60.8","20.3"
64,16,101,TRUE,772,"Spain",1,"Regular Play",772,"Spain",68574,"Nicholas Williams Arthuer",21,"Left Wing",NA,NA,9,"Incomplete",3941018,NA,"115.7","13.3"
74,15,115,TRUE,2138,"Georgia",3,"From Free Kick",772,"Spain",316046,"Lamine Yamal Nasraoui Ebana",17,"Right Wing",NA,NA,9,"Incomplete",3941018,NA,"69.5","53.8"
74,23,115,TRUE,2138,"Georgia",3,"From Free Kick",2138,"Georgia",33234,"Georges Mikautadze",22,"Right Center Forward",NA,NA,9,"Incomplete",3941018,NA,"94.9","21.3"
74,28,116,TRUE,772,"Spain",6,"From Counter",772,"Spain",6655,"Fabián Ruiz Peña",15,"Left Center Midfield",NA,NA,8,"Complete",3941018,NA,"26.7","42.6"
74,38,116,TRUE,772,"Spain",6,"From Counter",772,"Spain",68574,"Nicholas Williams Arthuer",21,"Left Wing",NA,NA,8,"Complete",3941018,NA,"101.4","21.4"
76,57,118,TRUE,772,"Spain",1,"Regular Play",772,"Spain",68574,"Nicholas Williams Arthuer",21,"Left Wing",TRUE,NA,8,"Complete",3941018,NA,"105.9","27.4"
82,34,128,TRUE,772,"Spain",1,"Regular Play",772,"Spain",16532,"Daniel Olmo Carvajal",19,"Center Attacking Midfield",NA,NA,8,"Complete",3941018,NA,"100.9","38.9"
86,53,133,TRUE,2138,"Georgia",1,"Regular Play",2138,"Georgia",38229,"Khvicha Kvaratskhelia",24,"Left Center Forward",NA,NA,9,"Incomplete",3941018,TRUE,"104.5","24.6"
89,34,137,TRUE,772,"Spain",8,"From Keeper",772,"Spain",316046,"Lamine Yamal Nasraoui Ebana",17,"Right Wing",NA,NA,8,"Complete",3941018,NA,"100.4","57.9"
90,31,140,TRUE,772,"Spain",4,"From Throw In",772,"Spain",316046,"Lamine Yamal Nasraoui Ebana",17,"Right Wing",NA,NA,9,"Incomplete",3941018,NA,"110.2","61.2"
1,32,6,TRUE,772,"Spain",1,"Regular Play",772,"Spain",3265,"José Luis Sanmartín Mato",23,"Center Forward",NA,NA,8,"Complete",3930179,NA,"35.8","55.8"
6,10,13,TRUE,772,"Spain",6,"From Counter",772,"Spain",16532,"Daniel Olmo Carvajal",19,"Center Attacking Midfield",NA,NA,8,"Complete",3930179,NA,"90.6","63.9"
8,52,17,TRUE,906,"Albania",3,"From Free Kick",906,"Albania",7531,"Qazim Laçi",19,"Center Attacking Midfield",NA,NA,9,"Incomplete",3930179,NA,"52.7","67.8"
11,5,20,TRUE,772,"Spain",1,"Regular Play",772,"Spain",6821,"Jesús Navas González",2,"Right Back",NA,NA,8,"Complete",3930179,NA,"107.2","76.6"
15,49,28,TRUE,906,"Albania",1,"Regular Play",906,"Albania",41186,"Jasir Asani",17,"Right Wing",NA,NA,8,"Complete",3930179,NA,"54.7","75.3"
15,49,28,TRUE,906,"Albania",1,"Regular Play",906,"Albania",41186,"Jasir Asani",17,"Right Wing",NA,NA,8,"Complete",3930179,NA,"52.9","68.7"
20,45,36,TRUE,906,"Albania",1,"Regular Play",906,"Albania",24438,"Ylber Ramadani",9,"Right Defensive Midfield",NA,NA,8,"Complete",3930179,NA,"52.1","31.6"
23,11,41,TRUE,906,"Albania",3,"From Free Kick",906,"Albania",32030,"Nedim Bajrami",21,"Left Wing",NA,NA,8,"Complete",3930179,NA,"73","6.1"
23,22,41,TRUE,906,"Albania",3,"From Free Kick",906,"Albania",32030,"Nedim Bajrami",21,"Left Wing",NA,NA,9,"Incomplete",3930179,NA,"116.9","15.8"
27,34,49,TRUE,772,"Spain",1,"Regular Play",772,"Spain",6685,"Mikel Oyarzabal Ugarte",21,"Left Wing",NA,NA,9,"Incomplete",3930179,NA,"95","62.6"
47,17,78,TRUE,906,"Albania",1,"Regular Play",906,"Albania",7108,"Berat Djimsiti",5,"Left Center Back",NA,NA,8,"Complete",3930179,NA,"48.2","22.5"
48,9,82,TRUE,906,"Albania",3,"From Free Kick",906,"Albania",49097,"Mario Mitaj",6,"Left Back",NA,NA,8,"Complete",3930179,NA,"64.2","27.2"
56,10,91,TRUE,772,"Spain",1,"Regular Play",772,"Spain",10336,"Alejandro Grimaldo García",6,"Left Back",NA,NA,8,"Complete",3930179,NA,"62.4","3.8"
68,40,109,TRUE,906,"Albania",1,"Regular Play",906,"Albania",8291,"Arlind Afrim Ajeti",3,"Right Center Back",NA,NA,8,"Complete",3930179,NA,"62.8","49.3"
72,13,114,TRUE,772,"Spain",4,"From Throw In",772,"Spain",316046,"Lamine Yamal Nasraoui Ebana",17,"Right Wing",NA,NA,9,"Incomplete",3930179,NA,"111.5","69.9"
72,14,114,TRUE,772,"Spain",4,"From Throw In",772,"Spain",316046,"Lamine Yamal Nasraoui Ebana",17,"Right Wing",TRUE,NA,8,"Complete",3930179,NA,"112.3","68"
72,17,114,TRUE,772,"Spain",4,"From Throw In",772,"Spain",143864,"Fermin Lopez Marin",19,"Center Attacking Midfield",NA,NA,9,"Incomplete",3930179,NA,"106.4","52.6"
72,46,117,TRUE,772,"Spain",6,"From Counter",772,"Spain",16532,"Daniel Olmo Carvajal",21,"Left Wing",NA,NA,8,"Complete",3930179,NA,"83.7","18.4"
74,45,122,TRUE,772,"Spain",1,"Regular Play",772,"Spain",143864,"Fermin Lopez Marin",19,"Center Attacking Midfield",NA,NA,8,"Complete",3930179,TRUE,"68.6","74.6"
80,31,134,TRUE,772,"Spain",1,"Regular Play",772,"Spain",143864,"Fermin Lopez Marin",19,"Center Attacking Midfield",NA,NA,9,"Incomplete",3930179,NA,"100.3","51.8"
92,27,154,TRUE,906,"Albania",1,"Regular Play",906,"Albania",36885,"Armando Broja",23,"Center Forward",NA,NA,9,"Incomplete",3930179,NA,"113.3","63.3"
92,55,156,TRUE,906,"Albania",1,"Regular Play",906,"Albania",57303,"Kristjan Asllani",11,"Left Defensive Midfield",NA,NA,8,"Complete",3930179,NA,"90.3","38.2"
93,9,156,TRUE,906,"Albania",1,"Regular Play",772,"Spain",316046,"Lamine Yamal Nasraoui Ebana",17,"Right Wing",TRUE,NA,9,"Incomplete",3930179,NA,"40.5","76"
93,42,156,TRUE,906,"Albania",1,"Regular Play",772,"Spain",41115,"Alejandro Baena Rodríguez",21,"Left Wing",NA,NA,9,"Incomplete",3930179,NA,"29.8","20.9"
2,57,8,TRUE,772,"Spain",3,"From Free Kick",772,"Spain",68574,"Nicholas Williams Arthuer",21,"Left Wing",NA,NA,8,"Complete",3930172,NA,"108.2","11.3"
2,59,8,TRUE,772,"Spain",3,"From Free Kick",772,"Spain",68574,"Nicholas Williams Arthuer",21,"Left Wing",NA,NA,8,"Complete",3930172,NA,"113.9","24"
7,53,14,TRUE,914,"Italy",3,"From Free Kick",914,"Italy",30926,"Davide Frattesi",13,"Right Center Midfield",NA,NA,8,"Complete",3930172,NA,"70.1","75.7"
10,42,20,TRUE,772,"Spain",1,"Regular Play",772,"Spain",68574,"Nicholas Williams Arthuer",21,"Left Wing",NA,NA,8,"Complete",3930172,NA,"80.7","10.3"
12,11,21,TRUE,772,"Spain",3,"From Free Kick",772,"Spain",3477,"Álvaro Borja Morata Martín",23,"Center Forward",NA,NA,8,"Complete",3930172,NA,"49.9","53.4"
13,58,23,TRUE,772,"Spain",1,"Regular Play",772,"Spain",68574,"Nicholas Williams Arthuer",21,"Left Wing",NA,NA,9,"Incomplete",3930172,NA,"85.6","14.6"
15,37,26,TRUE,914,"Italy",1,"Regular Play",914,"Italy",30926,"Davide Frattesi",13,"Right Center Midfield",NA,NA,8,"Complete",3930172,NA,"82.4","69.6"
17,26,29,TRUE,772,"Spain",1,"Regular Play",772,"Spain",316046,"Lamine Yamal Nasraoui Ebana",17,"Right Wing",NA,NA,8,"Complete",3930172,NA,"83.6","67.8"
19,14,30,TRUE,772,"Spain",3,"From Free Kick",772,"Spain",68574,"Nicholas Williams Arthuer",21,"Left Wing",NA,NA,8,"Complete",3930172,NA,"113.3","10.9"
19,25,31,TRUE,914,"Italy",1,"Regular Play",914,"Italy",7156,"Federico Chiesa",17,"Right Wing",TRUE,NA,9,"Incomplete",3930172,NA,"50.2","77.8"
23,22,38,TRUE,772,"Spain",4,"From Throw In",772,"Spain",316046,"Lamine Yamal Nasraoui Ebana",17,"Right Wing",NA,NA,8,"Complete",3930172,NA,"90.6","48.2"
23,34,38,TRUE,772,"Spain",4,"From Throw In",914,"Italy",10992,"Gianluca Scamacca",23,"Center Forward",NA,NA,9,"Incomplete",3930172,NA,"52.1","39.6"
25,14,42,TRUE,914,"Italy",1,"Regular Play",914,"Italy",6963,"Lorenzo Pellegrini",21,"Left Wing",NA,NA,9,"Incomplete",3930172,NA,"91.8","51.7"
29,58,53,TRUE,772,"Spain",1,"Regular Play",772,"Spain",3477,"Álvaro Borja Morata Martín",23,"Center Forward",NA,NA,9,"Incomplete",3930172,NA,"107.7","13.8"
34,58,60,TRUE,772,"Spain",1,"Regular Play",914,"Italy",30926,"Davide Frattesi",13,"Right Center Midfield",NA,NA,9,"Incomplete",3930172,NA,"29","59.5"
37,36,63,TRUE,772,"Spain",1,"Regular Play",772,"Spain",316046,"Lamine Yamal Nasraoui Ebana",17,"Right Wing",NA,NA,8,"Complete",3930172,NA,"76.6","74.9"
43,28,74,TRUE,914,"Italy",4,"From Throw In",914,"Italy",30926,"Davide Frattesi",13,"Right Center Midfield",NA,NA,9,"Incomplete",3930172,NA,"47.4","60.6"
50,2,90,TRUE,772,"Spain",1,"Regular Play",772,"Spain",68574,"Nicholas Williams Arthuer",21,"Left Wing",NA,NA,9,"Incomplete",3930172,NA,"107.5","4.7"
50,23,91,TRUE,772,"Spain",4,"From Throw In",772,"Spain",30486,"Pedro González López",19,"Center Attacking Midfield",NA,NA,9,"Incomplete",3930172,NA,"104.9","58.3"
50,31,91,TRUE,772,"Spain",4,"From Throw In",772,"Spain",316046,"Lamine Yamal Nasraoui Ebana",17,"Right Wing",NA,NA,9,"Incomplete",3930172,NA,"100.3","53.1"
50,33,92,TRUE,914,"Italy",6,"From Counter",914,"Italy",10992,"Gianluca Scamacca",23,"Center Forward",NA,NA,8,"Complete",3930172,NA,"42.2","31"
53,34,100,TRUE,772,"Spain",1,"Regular Play",772,"Spain",68574,"Nicholas Williams Arthuer",21,"Left Wing",NA,NA,9,"Incomplete",3930172,NA,"100","8.8"
53,49,100,TRUE,772,"Spain",1,"Regular Play",914,"Italy",8181,"Nicolò Barella",10,"Center Defensive Midfield",NA,NA,9,"Incomplete",3930172,NA,"14.3","23.3"
60,12,110,TRUE,772,"Spain",1,"Regular Play",772,"Spain",316046,"Lamine Yamal Nasraoui Ebana",17,"Right Wing",NA,NA,8,"Complete",3930172,NA,"94.1","76.3"
61,13,111,TRUE,914,"Italy",3,"From Free Kick",914,"Italy",7156,"Federico Chiesa",21,"Left Wing",NA,NA,9,"Incomplete",3930172,NA,"98.9","50.5"
67,16,116,TRUE,772,"Spain",1,"Regular Play",772,"Spain",68574,"Nicholas Williams Arthuer",21,"Left Wing",NA,NA,8,"Complete",3930172,NA,"104.3","12.6"
75,4,124,TRUE,914,"Italy",4,"From Throw In",914,"Italy",8792,"Mattia Zaccagni",21,"Left Wing",NA,NA,9,"Incomplete",3930172,NA,"59.1","2.3"
76,0,127,TRUE,772,"Spain",1,"Regular Play",772,"Spain",6655,"Fabián Ruiz Peña",11,"Left Defensive Midfield",NA,NA,8,"Complete",3930172,NA,"98","27.5"
78,51,129,TRUE,914,"Italy",3,"From Free Kick",772,"Spain",6748,"Ferrán Torres García",17,"Right Wing",NA,NA,9,"Incomplete",3930172,NA,"85.6","8.6"
82,18,135,TRUE,772,"Spain",8,"From Keeper",772,"Spain",17620,"Marc Cucurella Saseta",6,"Left Back",NA,TRUE,9,"Incomplete",3930172,NA,"37","7"
84,32,138,TRUE,914,"Italy",4,"From Throw In",914,"Italy",31093,"Mateo Retegui",23,"Center Forward",NA,NA,9,"Incomplete",3930172,NA,"115.3","22.7"
90,47,148,TRUE,772,"Spain",7,"From Goal Kick",772,"Spain",3076,"Ayoze Pérez Gutiérrez",21,"Left Wing",TRUE,NA,8,"Complete",3930172,NA,"109.7","9.5"
92,28,153,TRUE,772,"Spain",1,"Regular Play",772,"Spain",3076,"Ayoze Pérez Gutiérrez",21,"Left Wing",NA,NA,8,"Complete",3930172,NA,"42.8","4.3"
